Grid_Index,Advisor_2_Rating
0,0.7167167167167167
1,0.35035035035035034
2,0.3908908908908909
3,0.3908908908908909
4,0.8033033033033032
5,0.9844844844844844
6,0.06156156156156156
7,0.004785219646626858
8,0.44794794794794796
9,0.55005005005005
10,0.9159159159159158
11,0.991991991991992
12,0.9159159159159158
13,0.7167167167167167
14,0.32182182182182184
15,0.8238238238238238
16,0.057057057057057055
17,0.6921921921921922
18,0.7052052052052051
19,0.8443443443443444
20,0.6546546546546547
21,0.14564564564564564
22,0.022022022022022022
23,0.6546546546546547
24,0.7412412412412412
25,0.5574122767105224
26,0.24674674674674674
27,0.6801801801801801
28,0.35035035035035034
29,0.24674674674674674
30,0.06606606606606608
31,0.6546546546546547
32,0.9829829829829829
33,0.18218218218218218
34,0.28728728728728725
35,0.5240240240240239
36,0.996289196630566
37,0.1946946946946947
38,0.7547547547547548
39,0.3908908908908909
40,0.04704704704704705
41,0.8133133133133132
42,0.09409409409409408
43,0.7547547547547548
44,0.6546546546546547
45,0.08358358358358359
46,0.9454454454454454
47,0.3698698698698699
48,0.03553553553553554
49,0.4244244244244244
50,0.005947521344900753
51,0.8643643643643644
52,0.9344344344344344
53,0.7912912912912913
54,0.2017017017017017
55,0.9219219219219219
56,0.6801801801801801
57,0.10160160160160159
58,0.055055055055055056
59,0.8443443443443444
60,0.32182182182182184
61,0.3323323323323323
62,0.55005005005005
63,0.55005005005005
64,0.4974974974974975
65,0.642142142142142
66,0.5625625625625625
67,0.9284284284284284
68,0.43543543543543545
69,0.8133133133133132
70,0.7052052052052051
71,0.4244244244244244
72,0.6166166166166166
73,0.8238238238238238
74,0.9159159159159158
75,0.23423423423423423
76,0.5625625625625625
77,0.9990673018021232
78,0.8238238238238238
79,0.642142142142142
80,0.11911911911911913
81,0.35035035035035034
82,0.18218218218218218
83,0.20770770770770772
84,0.93993993993994
85,0.04004004004004004
86,0.8238238238238238
87,0.48448448448448445
88,0.04704704704704705
89,0.4019019019019019
90,0.3038038038038038
91,0.6036036036036037
92,0.47197197197197194
93,0.14564564564564564
94,0.04354354354354355
95,0.8238238238238238
96,0.1946946946946947
97,0.11461461461461461
98,0.537037037037037
99,0.5625625625625625
100,0.5900900900900901
101,0.4019019019019019
102,0.9554554554554555
103,0.5900900900900901
104,0.4974974974974975
105,0.6301301301301301
106,0.6036036036036037
107,0.3408408408408409
108,0.5240240240240239
109,0.17117117117117117
110,0.55005005005005
111,0.06156156156156156
112,0.21421421421421422
113,0.09409409409409408
114,0.6036036036036037
115,0.3793793793793794
116,0.8968968968968969
117,0.17617617617617617
118,0.029029029029029027
119,0.642142142142142
120,0.7912912912912913
121,0.8643643643643644
122,0.3038038038038038
123,0.2542542542542543
124,0.24674674674674674
125,0.4974974974974975
126,0.5240240240240239
127,0.23423423423423423
128,0.2542542542542543
129,0.8553553553553553
130,0.9039039039039038
131,0.18218218218218218
132,0.642142142142142
133,0.3038038038038038
134,0.7287287287287287
135,0.3323323323323323
136,0.7287287287287287
137,0.43543543543543545
138,0.9159159159159158
139,0.7167167167167167
140,0.1946946946946947
141,0.996996996996997
142,0.8443443443443444
143,0.03003003003003003
144,0.9554554554554555
145,0.32182182182182184
146,0.3698698698698699
147,0.35035035035035034
148,0.3908908908908909
149,0.04354354354354355
150,0.2542542542542543
151,0.3128128128128128
152,0.35985985985985985
153,0.3038038038038038
154,0.7052052052052051
155,0.974974974974975
156,0.15065065065065064
157,0.22772772772772773
158,0.15065065065065064
159,0.17617617617617617
160,0.21421421421421422
161,0.9774774774774775
162,0.7052052052052051
163,0.9794794794794794
164,0.13963963963963963
165,0.55005005005005
166,0.43543543543543545
167,0.5240240240240239
168,0.05105105105105105
169,0.6921921921921922
170,0.11011011011011011
171,0.15065065065065064
172,0.6921921921921922
173,0.7547547547547548
174,0.35985985985985985
175,0.6546546546546547
176,0.24074074074074073
177,0.7052052052052051
178,0.9514514514514514
179,0.09409409409409408
180,0.22122122122122123
181,0.053553553553553554
182,0.017479979979980277
183,0.6801801801801801
184,0.05905905905905906
185,0.22122122122122123
186,0.32182182182182184
187,0.3038038038038038
188,0.10560560560560561
189,0.6676676676676676
190,0.09759759759759759
191,0.29479479479479476
192,0.55005005005005
193,0.8443443443443444
194,0.6166166166166166
195,0.4974974974974975
196,0.48448448448448445
197,0.7682682682682682
198,0.7287287287287287
199,0.2792792792792793
200,0.10160160160160159
201,0.0870870870870871
202,0.45995995995996
203,0.6801801801801801
204,0.8238238238238238
205,0.2627627627627628
206,0.9284284284284284
207,0.48448448448448445
208,0.9714714714714714
209,0.8443443443443444
210,0.43543543543543545
211,0.07407407407407407
212,0.6676676676676676
213,0.05905905905905906
214,0.6801801801801801
215,0.13963963963963963
216,0.24074074074074073
217,0.4019019019019019
218,0.9284284284284284
219,0.3908908908908909
220,0.06156156156156156
221,0.9344344344344344
222,0.08358358358358359
223,0.6546546546546547
224,0.3908908908908909
225,0.09409409409409408
226,0.9284284284284284
227,0.7475425984197913
228,0.005805157367210348
229,0.15565565565565564
230,0.3908908908908909
231,0.2792792792792793
232,0.8643643643643644
233,0.6036036036036037
234,0.9976643309976644
235,0.6166166166166166
236,0.04854854854854855
237,0.15065065065065064
238,0.18818818818818817
239,0.7287287287287287
240,0.28728728728728725
241,0.8443443443443444
242,0.6036036036036037
243,0.55005005005005
244,0.7412412412412412
245,0.32182182182182184
246,0.18818818818818817
247,0.28728728728728725
248,0.15065065065065064
249,0.29479479479479476
250,0.3698698698698699
251,0.6921921921921922
252,0.8893893893893894
253,0.04704704704704705
254,0.5900900900900901
255,0.041541541541541535
256,0.45995995995996
257,0.9099099099099099
258,0.7797797797797797
259,0.3793793793793794
260,0.7547547547547548
261,0.11011011011011011
262,0.028028028028028028
263,0.15065065065065064
264,0.8133133133133132
265,0.9794794794794794
266,0.6166166166166166
267,0.48448448448448445
268,0.11461461461461461
269,0.48448448448448445
270,0.15065065065065064
271,0.2707707707707707
272,0.7287287287287287
273,0.6676676676676676
274,0.16116116116116114
275,0.5240240240240239
276,0.7547547547547548
277,0.3793793793793794
278,0.15565565565565564
279,0.8643643643643644
280,0.4244244244244244
281,0.55005005005005
282,0.9794794794794794
283,0.5240240240240239
284,0.8643643643643644
285,0.21421421421421422
286,0.3908908908908909
287,0.2792792792792793
288,0.8033033033033032
289,0.8033033033033032
290,0.4019019019019019
291,0.35985985985985985
292,0.3323323323323323
293,0.22122122122122123
294,0.9344344344344344
295,0.6301301301301301
296,0.4129129129129129
297,0.45995995995996
298,0.21421421421421422
299,0.537037037037037
300,0.4129129129129129
301,0.06356356356356356
302,0.04354354354354355
303,0.7052052052052051
304,0.8968968968968969
305,0.44794794794794796
306,0.992992992992993
307,0.18818818818818817
308,0.48448448448448445
309,0.8718718718718719
310,0.35035035035035034
311,0.48448448448448445
312,0.511011011011011
313,0.6801801801801801
314,0.6546546546546547
315,0.4244244244244244
316,0.8553553553553553
317,0.10560560560560561
318,0.24074074074074073
319,0.6036036036036037
320,0.22122122122122123
321,0.8343343343343343
322,0.8808808808808809
323,0.22772772772772773
324,0.14564564564564564
325,0.15565565565565564
326,0.04354354354354355
327,0.4244244244244244
328,0.8238238238238238
329,0.47197197197197194
330,0.4019019019019019
331,0.642142142142142
332,0.8343343343343343
333,0.8343343343343343
334,0.6036036036036037
335,0.6546546546546547
336,0.7167167167167167
337,0.43543543543543545
338,0.9284284284284284
339,0.9344344344344344
340,0.6546546546546547
341,0.17117117117117117
342,0.14564564564564564
343,0.3908908908908909
344,0.3908908908908909
345,0.35985985985985985
346,0.7287287287287287
347,0.7052052052052051
348,0.7797797797797797
349,0.22772772772772773
350,0.7912912912912913
351,0.08058058058058058
352,0.7912912912912913
353,0.6036036036036037
354,0.2707707707707707
355,0.4244244244244244
356,0.8238238238238238
357,0.03553553553553554
358,0.5755755755755756
359,0.55005005005005
360,0.053553553553553554
361,0.55005005005005
362,0.041541541541541535
363,0.7912912912912913
364,0.44794794794794796
365,0.12762762762762764
366,0.8893893893893894
367,0.3793793793793794
368,0.6546546546546547
369,0.29479479479479476
370,0.7167167167167167
371,0.4019019019019019
372,0.28728728728728725
373,0.5240240240240239
374,0.11911911911911913
375,0.43543543543543545
376,0.3793793793793794
377,0.45995995995996
378,0.8718718718718719
379,0.3323323323323323
380,0.4129129129129129
381,0.9636510513703502
382,0.007849192905451639
383,0.55005005005005
384,0.4974974974974975
385,0.3038038038038038
386,0.4244244244244244
387,0.537037037037037
388,0.35035035035035034
389,0.3128128128128128
390,0.44794794794794796
391,0.3793793793793794
392,0.9829829829829829
393,0.511011011011011
394,0.13963963963963963
395,0.2792792792792793
396,0.0870870870870871
397,0.28728728728728725
398,0.6301301301301301
399,0.8808808808808809
400,0.8238238238238238
401,0.15065065065065064
402,0.28728728728728725
403,0.23423423423423423
404,0.47197197197197194
405,0.9099099099099099
406,0.3038038038038038
407,0.1946946946946947
408,0.3408408408408409
409,0.9284284284284284
410,0.47197197197197194
411,0.6036036036036037
412,0.8133133133133132
413,0.44794794794794796
414,0.9219219219219219
415,0.3908908908908909
416,0.12762762762762764
417,0.9344344344344344
418,0.8553553553553553
419,0.5625625625625625
420,0.7287287287287287
421,0.7287287287287287
422,0.6301301301301301
423,0.6801801801801801
424,0.9219219219219219
425,0.6301301301301301
426,0.537037037037037
427,0.9219219219219219
428,0.4244244244244244
429,0.9584584584584585
430,0.06356356356356356
431,0.32182182182182184
432,0.5755755755755756
433,0.2542542542542543
434,0.4974974974974975
435,0.4019019019019019
436,0.9344344344344344
437,0.9344344344344344
438,0.09409409409409408
439,0.7547547547547548
440,0.7797797797797797
441,0.537037037037037
442,0.9584584584584585
443,0.4129129129129129
444,0.3698698698698699
445,0.7682682682682682
446,0.7287287287287287
447,0.2627627627627628
448,0.13963963963963963
449,0.8808808808808809
450,0.8033033033033032
451,0.08058058058058058
452,0.28728728728728725
453,0.24674674674674674
454,0.8443443443443444
455,0.967967967967968
456,0.29479479479479476
457,0.3408408408408409
458,0.93993993993994
459,0.8718718718718719
460,0.7412412412412412
461,0.0905905905905906
462,0.43543543543543545
463,0.7167167167167167
464,0.6546546546546547
465,0.7912912912912913
466,0.23423423423423423
467,0.7547547547547548
468,0.6546546546546547
469,0.5240240240240239
470,0.025025025025025023
471,0.6921921921921922
472,0.2792792792792793
473,0.47197197197197194
474,0.642142142142142
475,0.12762762762762764
476,0.2627627627627628
477,0.4244244244244244
478,0.09759759759759759
479,0.17117117117117117
480,0.7412412412412412
481,0.32182182182182184
482,0.93993993993994
483,0.7412412412412412
484,0.43543543543543545
485,0.0905905905905906
486,0.8343343343343343
487,0.990990990990991
488,0.5240240240240239
489,0.9344344344344344
490,0.3128128128128128
491,0.5755755755755756
492,0.24074074074074073
493,0.7547547547547548
494,0.7167167167167167
495,0.8893893893893894
496,0.55005005005005
497,0.02102102102102102
498,0.23423423423423423
499,0.6301301301301301
500,0.35035035035035034
501,0.6921921921921922
502,0.8238238238238238
503,0.7287287287287287
504,0.8808808808808809
505,0.8133133133133132
506,0.5240240240240239
507,0.5240240240240239
508,0.3908908908908909
509,0.9554554554554555
510,0.2627627627627628
511,0.04354354354354355
512,0.18218218218218218
513,0.7052052052052051
514,0.9454454454454454
515,0.8718718718718719
516,0.06356356356356356
517,0.9219219219219219
518,0.44794794794794796
519,0.24674674674674674
520,0.06156156156156156
521,0.008657780587604878
522,0.6676676676676676
523,0.6036036036036037
524,0.8968968968968969
525,0.9039039039039038
526,0.11461461461461461
527,0.13963963963963963
528,0.8443443443443444
529,0.7547547547547548
530,0.55005005005005
531,0.8238238238238238
532,0.03353353353353353
533,0.29479479479479476
534,0.9284284284284284
535,0.6546546546546547
536,0.7682682682682682
537,0.8718718718718719
538,0.7287287287287287
539,0.6166166166166166
540,0.3128128128128128
541,0.2707707707707707
542,0.4019019019019019
543,0.5240240240240239
544,0.3698698698698699
545,0.48448448448448445
546,0.0870870870870871
547,0.3408408408408409
548,0.7412412412412412
549,0.8133133133133132
550,0.5755755755755756
551,0.93993993993994
552,0.055055055055055056
553,0.22122122122122123
554,0.9619619619619619
555,0.6301301301301301
556,0.11461461461461461
557,0.5755755755755756
558,0.9159159159159158
559,0.7052052052052051
560,0.18818818818818817
561,0.6166166166166166
562,0.041541541541541535
563,0.16616616616616614
564,0.6036036036036037
565,0.974974974974975
566,0.13363363363363362
567,0.037037037037037035
568,0.15065065065065064
569,0.7052052052052051
570,0.3698698698698699
571,0.45995995995996
572,0.2542542542542543
573,0.6546546546546547
574,0.9039039039039038
575,0.5900900900900901
576,0.6036036036036037
577,0.4129129129129129
578,0.511011011011011
579,0.8718718718718719
580,0.1946946946946947
581,0.3128128128128128
582,0.7797797797797797
583,0.5900900900900901
584,0.20770770770770772
585,0.07757757757757758
586,0.537037037037037
587,0.9554554554554555
588,0.3323323323323323
589,0.9619619619619619
590,0.4019019019019019
591,0.22122122122122123
592,0.20770770770770772
593,0.11461461461461461
594,0.3408408408408409
595,0.20770770770770772
596,0.4974974974974975
597,0.537037037037037
598,0.994498865155222
599,0.6166166166166166
600,0.8238238238238238
601,0.7547547547547548
602,0.1946946946946947
603,0.6301301301301301
604,0.7547547547547548
605,0.24674674674674674
606,0.3372678898994688
607,0.3908908908908909
608,0.5625625625625625
609,0.9039039039039038
610,0.8968968968968969
611,0.057057057057057055
612,0.6921921921921922
613,0.3128128128128128
614,0.08358358358358359
615,0.3323323323323323
616,0.8033033033033032
617,0.3038038038038038
618,0.22122122122122123
619,0.7682682682682682
620,0.2792792792792793
621,0.537037037037037
622,0.16616616616616614
623,0.35035035035035034
624,0.3408408408408409
625,0.7797797797797797
626,0.44794794794794796
627,0.22772772772772773
628,0.18818818818818817
629,0.24074074074074073
630,0.6921921921921922
631,0.43543543543543545
632,0.45995995995996
633,0.12262262262262263
634,0.4019019019019019
635,0.2707707707707707
636,0.055055055055055056
637,0.11011011011011011
638,0.8808808808808809
639,0.7167167167167167
640,0.48448448448448445
641,0.20770770770770772
642,0.8968968968968969
643,0.6801801801801801
644,0.11461461461461461
645,0.9584584584584585
646,0.8343343343343343
647,0.28728728728728725
648,0.5755755755755756
649,0.5625625625625625
650,0.3908908908908909
651,0.7547547547547548
652,0.28728728728728725
653,0.6921921921921922
654,0.7412412412412412
655,0.45995995995996
656,0.9829829829829829
657,0.537037037037037
658,0.24674674674674674
659,0.12762762762762764
660,0.8443443443443444
661,0.4019019019019019
662,0.3128128128128128
663,0.16116116116116114
664,0.5900900900900901
665,0.15065065065065064
666,0.22122122122122123
667,0.11911911911911913
668,0.9844844844844844
669,0.43543543543543545
670,0.0007322866991730523
671,0.03353353353353353
672,0.55005005005005
673,0.2542542542542543
674,0.7167167167167167
675,0.6676676676676676
676,0.7052052052052051
677,0.014947683109118138
678,0.15565565565565564
679,0.3128128128128128
680,0.9514514514514514
681,0.6301301301301301
682,0.3323323323323323
683,0.7052052052052051
684,0.3698698698698699
685,0.9344344344344344
686,0.4974974974974975
687,0.5755755755755756
688,0.55005005005005
689,0.2792792792792793
690,0.7052052052052051
691,0.8808808808808809
692,0.6546546546546547
693,0.17617617617617617
694,0.23423423423423423
695,0.2017017017017017
696,0.35035035035035034
697,0.3793793793793794
698,0.8643643643643644
699,0.3698698698698699
700,0.2627627627627628
701,0.13363363363363362
702,0.642142142142142
703,0.22772772772772773
704,0.6801801801801801
705,0.47197197197197194
706,0.6801801801801801
707,0.12762762762762764
708,0.7287287287287287
709,0.6301301301301301
710,0.48448448448448445
711,0.6166166166166166
712,0.44794794794794796
713,0.13963963963963963
714,0.9159159159159158
715,0.06156156156156156
716,0.053553553553553554
717,0.026526526526526525
718,0.18818818818818817
719,0.15565565565565564
720,0.9554554554554555
721,0.9844844844844844
722,0.01001001001001001
723,0.018474356709650953
724,0.3908908908908909
725,0.3908908908908909
726,0.9284284284284284
727,0.44794794794794796
728,0.6801801801801801
729,0.3128128128128128
730,0.35035035035035034
731,0.4974974974974975
732,0.48448448448448445
733,0.16616616616616614
734,0.9039039039039038
735,0.10560560560560561
736,0.9874874874874875
737,0.14564564564564564
738,0.3128128128128128
739,0.4974974974974975
740,0.47197197197197194
741,0.16616616616616614
742,0.5625625625625625
743,0.642142142142142
744,0.053553553553553554
745,0.8133133133133132
746,0.6036036036036037
747,0.7412412412412412
748,0.6801801801801801
749,0.8893893893893894
750,0.47197197197197194
751,0.13363363363363362
752,0.43543543543543545
753,0.996289196630566
754,0.11011011011011011
755,0.7052052052052051
756,0.8033033033033032
757,0.47197197197197194
758,0.24074074074074073
759,0.9774774774774775
760,0.4974974974974975
761,0.7287287287287287
762,0.18818818818818817
763,0.9454454454454454
764,0.7412412412412412
765,0.4019019019019019
766,0.13363363363363362
767,0.93993993993994
768,0.3128128128128128
769,0.3323323323323323
770,0.0905905905905906
771,0.16616616616616614
772,0.537037037037037
773,0.8343343343343343
774,0.48448448448448445
775,0.3698698698698699
776,0.43543543543543545
777,0.3408408408408409
778,0.5900900900900901
779,0.15565565565565564
780,0.7167167167167167
781,0.3408408408408409
782,0.8553553553553553
783,0.43543543543543545
784,0.9039039039039038
785,0.2707707707707707
786,0.967967967967968
787,0.3128128128128128
788,0.3128128128128128
789,0.642142142142142
790,0.9619619619619619
791,0.6801801801801801
792,0.3323323323323323
793,0.026526526526526525
794,0.35985985985985985
795,0.2542542542542543
796,0.21421421421421422
797,0.994498865155222
798,0.07107107107107108
799,0.6166166166166166
800,0.3698698698698699
801,0.45995995995996
802,0.996996996996997
803,0.7682682682682682
804,0.21421421421421422
805,0.6036036036036037
806,0.8238238238238238
807,0.9953877323800875
808,0.04354354354354355
809,0.7052052052052051
810,0.7167167167167167
811,0.055055055055055056
812,0.4129129129129129
813,0.6301301301301301
814,0.03903903903903904
815,0.7167167167167167
816,0.7287287287287287
817,0.02852852852852877
818,0.4244244244244244
819,0.017017017017017015
820,0.9554554554554555
821,0.964964964964965
822,0.537037037037037
823,0.12762762762762764
824,0.06606606606606608
825,0.13963963963963963
826,0.511011011011011
827,0.05105105105105105
828,0.6036036036036037
829,0.8238238238238238
830,0.2017017017017017
831,0.23423423423423423
832,0.8343343343343343
833,0.8343343343343343
834,0.2707707707707707
835,0.4244244244244244
836,0.03903903903903904
837,0.15565565565565564
838,0.7167167167167167
839,0.3908908908908909
840,0.3908908908908909
841,0.6546546546546547
842,0.22772772772772773
843,0.47197197197197194
844,0.2707707707707707
845,0.8643643643643644
846,0.8808808808808809
847,0.7287287287287287
848,0.7287287287287287
849,0.4974974974974975
850,0.6801801801801801
851,0.2017017017017017
852,0.0870870870870871
853,0.3408408408408409
854,0.5900900900900901
855,0.3908908908908909
856,0.7682682682682682
857,0.511011011011011
858,0.4244244244244244
859,0.03003003003003003
860,0.4974974974974975
861,0.3128128128128128
862,0.7287287287287287
863,0.5625625625625625
864,0.07757757757757758
865,0.16116116116116114
866,0.3038038038038038
867,0.5900900900900901
868,0.15565565565565564
869,0.9953877323800875
870,0.2542542542542543
871,0.55005005005005
872,0.4129129129129129
873,0.10560560560560561
874,0.43543543543543545
875,0.08058058058058058
876,0.04854854854854855
877,0.6801801801801801
878,0.7412412412412412
879,0.05905905905905906
880,0.018474356709650953
881,0.6301301301301301
882,0.55005005005005
883,0.29479479479479476
884,0.9039039039039038
885,0.8238238238238238
886,0.6166166166166166
887,0.7547547547547548
888,0.6546546546546547
889,0.7287287287287287
890,0.2542542542542543
891,0.7912912912912913
892,0.3128128128128128
893,0.09409409409409408
894,0.3128128128128128
895,0.974974974974975
896,0.17617617617617617
897,0.7052052052052051
898,0.14564564564564564
899,0.8968968968968969
900,0.35985985985985985
901,0.8553553553553553
902,0.7052052052052051
903,0.22772772772772773
904,0.4019019019019019
905,0.32182182182182184
906,0.3323323323323323
907,0.6546546546546547
908,0.24674674674674674
909,0.4244244244244244
910,0.29479479479479476
911,0.2542542542542543
912,0.6676676676676676
913,0.07757757757757758
914,0.12762762762762764
915,0.3793793793793794
916,0.48448448448448445
917,0.43543543543543545
918,0.2542542542542543
919,0.8033033033033032
920,0.9344344344344344
921,0.4129129129129129
922,0.642142142142142
923,0.43543543543543545
924,0.7052052052052051
925,0.2627627627627628
926,0.6921921921921922
927,0.04704704704704705
928,0.28728728728728725
929,0.2792792792792793
930,0.15565565565565564
931,0.13963963963963963
932,0.511011011011011
933,0.29479479479479476
934,0.14564564564564564
935,0.35035035035035034
936,0.3323323323323323
937,0.15065065065065064
938,0.511011011011011
939,0.47197197197197194
940,0.3793793793793794
941,0.7797797797797797
942,0.24074074074074073
943,0.9619619619619619
944,0.6036036036036037
945,0.24674674674674674
946,0.9219219219219219
947,0.2627627627627628
948,0.7052052052052051
949,0.031031031031031032
950,0.9099099099099099
951,0.7912912912912913
952,0.35035035035035034
953,0.22772772772772773
954,0.8238238238238238
955,0.11461461461461461
956,0.6301301301301301
957,0.16116116116116114
958,0.35035035035035034
959,0.3408408408408409
960,0.4974974974974975
961,0.55005005005005
962,0.24074074074074073
963,0.8968968968968969
964,0.6921921921921922
965,0.1946946946946947
966,0.6676676676676676
967,0.8968968968968969
968,0.3323323323323323
969,0.7225255558588882
970,0.8238238238238238
971,0.5625625625625625
972,0.16116116116116114
973,0.32182182182182184
974,0.17117117117117117
975,0.4974974974974975
976,0.1946946946946947
977,0.2707707707707707
978,0.5240240240240239
979,0.9099099099099099
980,0.21421421421421422
981,0.8133133133133132
982,0.06606606606606608
983,0.6676676676676676
984,0.9099099099099099
985,0.08058058058058058
986,0.09409409409409408
987,0.511011011011011
988,0.8443443443443444
989,0.8443443443443444
990,0.14564564564564564
991,0.5755755755755756
992,0.6921921921921922
993,0.7797797797797797
994,0.22122122122122123
995,0.13363363363363362
996,0.5900900900900901
997,0.2017017017017017
998,0.6801801801801801
999,0.7682682682682682
1000,0.7287287287287287
1001,0.08358358358358359
1002,0.9159159159159158
1003,0.2017017017017017
1004,0.22772772772772773
1005,0.8808808808808809
1006,0.24674674674674674
1007,0.7547547547547548
1008,0.8033033033033032
1009,0.3408408408408409
1010,0.6301301301301301
1011,0.9039039039039038
1012,0.55005005005005
1013,0.9454454454454454
1014,0.3323323323323323
1015,0.32182182182182184
1016,0.6036036036036037
1017,0.21421421421421422
1018,0.93993993993994
1019,0.9159159159159158
1020,0.5240240240240239
1021,0.3698698698698699
1022,0.24074074074074073
1023,0.3038038038038038
1024,0.24074074074074073
1025,0.6921921921921922
1026,0.7412412412412412
1027,0.992992992992993
1028,0.8443443443443444
1029,0.9159159159159158
1030,0.6676676676676676
1031,0.9284284284284284
1032,0.4244244244244244
1033,0.08358358358358359
1034,0.9159159159159158
1035,0.16616616616616614
1036,0.7547547547547548
1037,0.6301301301301301
1038,0.93993993993994
1039,0.2017017017017017
1040,0.2627627627627628
1041,0.6546546546546547
1042,0.02852852852852877
1043,0.6166166166166166
1044,0.2542542542542543
1045,0.17617617617617617
1046,0.7052052052052051
1047,0.7167167167167167
1048,0.45995995995996
1049,0.6036036036036037
1050,0.6301301301301301
1051,0.7167167167167167
1052,0.28728728728728725
1053,0.2017017017017017
1054,0.3698698698698699
1055,0.7682682682682682
1056,0.511011011011011
1057,0.6676676676676676
1058,0.15565565565565564
1059,0.18218218218218218
1060,0.6546546546546547
1061,0.7912912912912913
1062,0.4244244244244244
1063,0.7682682682682682
1064,0.8238238238238238
1065,0.5240240240240239
1066,0.6036036036036037
1067,0.6166166166166166
1068,0.5625625625625625
1069,0.3698698698698699
1070,0.7682682682682682
1071,0.93993993993994
1072,0.08358358358358359
1073,0.16116116116116114
1074,0.7912912912912913
1075,0.05105105105105105
1076,0.12762762762762764
1077,0.6036036036036037
1078,0.6166166166166166
1079,0.3038038038038038
1080,0.7167167167167167
1081,0.4244244244244244
1082,0.44794794794794796
1083,0.3698698698698699
1084,0.0009515758055649811
1085,0.057057057057057055
1086,0.28728728728728725
1087,0.511011011011011
1088,0.44794794794794796
1089,0.053553553553553554
1090,0.29479479479479476
1091,0.2542542542542543
1092,0.8686198159882378
1093,0.35985985985985985
1094,0.6676676676676676
1095,0.5900900900900901
1096,0.7797797797797797
1097,0.7052052052052051
1098,0.6676676676676676
1099,0.2017017017017017
1100,0.9514514514514514
1101,0.9874874874874875
1102,0.7682682682682682
1103,0.7052052052052051
1104,0.17617617617617617
1105,0.44794794794794796
1106,0.9159159159159158
1107,0.13963963963963963
1108,0.09409409409409408
1109,0.2792792792792793
1110,0.9159159159159158
1111,0.8553553553553553
1112,0.2017017017017017
1113,0.06856856856856856
1114,0.55005005005005
1115,0.4974974974974975
1116,0.9619619619619619
1117,0.06856856856856856
1118,0.3793793793793794
1119,0.6546546546546547
1120,0.18818818818818817
1121,0.013954632598700466
1122,0.12262262262262263
1123,0.04704704704704705
1124,0.13363363363363362
1125,0.511011011011011
1126,0.6036036036036037
1127,0.32182182182182184
1128,0.7052052052052051
1129,0.023023023023023025
1130,0.11911911911911913
1131,0.4019019019019019
1132,0.9584584584584585
1133,0.09759759759759759
1134,0.8718718718718719
1135,0.17117117117117117
1136,0.4244244244244244
1137,0.32182182182182184
1138,0.7797797797797797
1139,0.511011011011011
1140,0.48448448448448445
1141,0.47197197197197194
1142,0.17617617617617617
1143,0.32182182182182184
1144,0.3128128128128128
1145,0.47197197197197194
1146,0.5900900900900901
1147,0.9454454454454454
1148,0.98998998998999
1149,0.5240240240240239
1150,0.7547547547547548
1151,0.2792792792792793
1152,0.537037037037037
1153,0.39730400256716086
1154,0.9774774774774775
1155,0.22122122122122123
1156,0.3793793793793794
1157,0.6801801801801801
1158,0.22772772772772773
1159,0.8553553553553553
1160,0.7682682682682682
1161,0.9099099099099099
1162,0.17117117117117117
1163,0.09759759759759759
1164,0.967967967967968
1165,0.07757757757757758
1166,0.43543543543543545
1167,0.7052052052052051
1168,0.35035035035035034
1169,0.9454454454454454
1170,0.5240240240240239
1171,0.28728728728728725
1172,0.014947683109118138
1173,0.5625625625625625
1174,0.8238238238238238
1175,0.6921921921921922
1176,0.3908908908908909
1177,0.8808808808808809
1178,0.04704704704704705
1179,0.7167167167167167
1180,0.8033033033033032
1181,0.35035035035035034
1182,0.6801801801801801
1183,0.3908908908908909
1184,0.55005005005005
1185,0.022022022022022022
1186,0.8893893893893894
1187,0.7912912912912913
1188,0.7797797797797797
1189,0.29479479479479476
1190,0.057057057057057055
1191,0.9454454454454454
1192,0.3128128128128128
1193,0.511011011011011
1194,0.14564564564564564
1195,0.9874874874874875
1196,0.6036036036036037
1197,0.35035035035035034
1198,0.29479479479479476
1199,0.4129129129129129
1200,0.8133133133133132
1201,0.15065065065065064
1202,0.6921921921921922
1203,0.6546546546546547
1204,0.537037037037037
1205,0.23423423423423423
1206,0.6801801801801801
1207,0.6036036036036037
1208,0.22122122122122123
1209,0.5625625625625625
1210,0.06606606606606608
1211,0.9814814814814814
1212,0.8343343343343343
1213,0.6301301301301301
1214,0.6546546546546547
1215,0.7412412412412412
1216,0.13963963963963963
1217,0.04004004004004004
1218,0.7797797797797797
1219,0.21421421421421422
1220,0.7547547547547548
1221,0.6921921921921922
1222,0.5625625625625625
1223,0.6301301301301301
1224,0.14564564564564564
1225,0.44794794794794796
1226,0.6546546546546547
1227,0.20770770770770772
1228,0.24674674674674674
1229,0.6921921921921922
1230,0.4129129129129129
1231,0.13963963963963963
1232,0.29479479479479476
1233,0.4244244244244244
1234,0.6036036036036037
1235,0.8238238238238238
1236,0.47197197197197194
1237,0.2792792792792793
1238,0.8343343343343343
1239,0.3793793793793794
1240,0.14564564564564564
1241,0.8343343343343343
1242,0.7912912912912913
1243,0.6546546546546547
1244,0.18218218218218218
1245,0.9039039039039038
1246,0.17617617617617617
1247,0.55005005005005
1248,0.8443443443443444
1249,0.17117117117117117
1250,0.5240240240240239
1251,0.93993993993994
1252,0.43543543543543545
1253,0.8443443443443444
1254,0.014449427005480674
1255,0.014947683109118138
1256,0.7682682682682682
1257,0.3323323323323323
1258,0.15565565565565564
1259,0.10160160160160159
1260,0.04854854854854855
1261,0.7052052052052051
1262,0.007372747597782489
1263,0.2542542542542543
1264,0.9219219219219219
1265,0.6676676676676676
1266,0.24674674674674674
1267,0.8968968968968969
1268,0.45995995995996
1269,0.12262262262262263
1270,0.15565565565565564
1271,0.9159159159159158
1272,0.4974974974974975
1273,0.8443443443443444
1274,0.3323323323323323
1275,0.6036036036036037
1276,0.5240240240240239
1277,0.13363363363363362
1278,0.9844844844844844
1279,0.025025025025025023
1280,0.16116116116116114
1281,0.6921921921921922
1282,0.45995995995996
1283,0.990990990990991
1284,0.018474356709650953
1285,0.8133133133133132
1286,0.9099099099099099
1287,0.35985985985985985
1288,0.24074074074074073
1289,0.3408408408408409
1290,0.3793793793793794
1291,0.5625625625625625
1292,0.5625625625625625
1293,0.8033033033033032
1294,0.5900900900900901
1295,0.24074074074074073
1296,0.9159159159159158
1297,0.44794794794794796
1298,0.11461461461461461
1299,0.7167167167167167
1300,0.55005005005005
1301,0.5755755755755756
1302,0.6301301301301301
1303,0.990990990990991
1304,0.017942942942943088
1305,0.16616616616616614
1306,0.4019019019019019
1307,0.55005005005005
1308,0.3908908908908909
1309,0.4019019019019019
1310,0.8893893893893894
1311,0.9219219219219219
1312,0.15565565565565564
1313,0.3793793793793794
1314,0.6921921921921922
1315,0.9006358830920237
1316,0.10160160160160159
1317,0.93993993993994
1318,0.43543543543543545
1319,0.9985985985985988
1320,0.045634920634920605
1321,0.3038038038038038
1322,0.02852852852852877
1323,0.7682682682682682
1324,0.6036036036036037
1325,0.8553553553553553
1326,0.991991991991992
1327,0.3323323323323323
1328,0.6546546546546547
1329,0.9219219219219219
1330,0.9794794794794794
1331,0.7412412412412412
1332,0.011485642946317038
1333,0.03553553553553554
1334,0.32182182182182184
1335,0.8808808808808809
1336,0.4244244244244244
1337,0.15565565565565564
1338,0.2542542542542543
1339,0.15565565565565564
1340,0.4974974974974975
1341,0.9906261923805791
1342,0.3793793793793794
1343,0.45995995995996
1344,0.06356356356356356
1345,0.9514514514514514
1346,0.011735330836454595
1347,0.3128128128128128
1348,0.7167167167167167
1349,0.06856856856856856
1350,0.22122122122122123
1351,0.3323323323323323
1352,0.5755755755755756
1353,0.0905905905905906
1354,0.8643643643643644
1355,0.9554554554554555
1356,0.16616616616616614
1357,0.2792792792792793
1358,0.8238238238238238
1359,0.5755755755755756
1360,0.9099099099099099
1361,0.7052052052052051
1362,0.6546546546546547
1363,0.47197197197197194
1364,0.5240240240240239
1365,0.8343343343343343
1366,0.997997997997998
1367,0.55005005005005
1368,0.5240240240240239
1369,0.21421421421421422
1370,0.11911911911911913
1371,0.3908908908908909
1372,0.007650674027256175
1373,0.8893893893893894
1374,0.11911911911911913
1375,0.9284284284284284
1376,0.7287287287287287
1377,0.2542542542542543
1378,0.7052052052052051
1379,0.9916232021495183
1380,0.8238238238238238
1381,0.7682682682682682
1382,0.21421421421421422
1383,0.93993993993994
1384,0.6546546546546547
1385,0.7287287287287287
1386,0.8553553553553553
1387,0.3698698698698699
1388,0.4019019019019019
1389,0.988988988988989
1390,0.17617617617617617
1391,0.6301301301301301
1392,0.4974974974974975
1393,0.02047096601552072
1394,0.2017017017017017
1395,0.6166166166166166
1396,0.3323323323323323
1397,0.9987987987987988
1398,0.8718718718718719
1399,0.5625625625625625
1400,0.22772772772772773
1401,0.3793793793793794
1402,0.0042233578815858526
1403,0.8808808808808809
1404,0.9814814814814814
1405,0.8033033033033032
1406,0.4974974974974975
1407,0.21421421421421422
1408,0.6546546546546547
1409,0.9454454454454454
1410,0.4244244244244244
1411,0.45995995995996
1412,0.04475629475629479
1413,0.07107107107107108
1414,0.7167167167167167
1415,0.4129129129129129
1416,0.7547547547547548
1417,0.17117117117117117
1418,0.05105105105105105
1419,0.23423423423423423
1420,0.24674674674674674
1421,0.7682682682682682
1422,0.8968968968968969
1423,0.12762762762762764
1424,0.8808808808808809
1425,0.8893893893893894
1426,0.3038038038038038
1427,0.2017017017017017
1428,0.8443443443443444
1429,0.43543543543543545
1430,0.8133133133133132
1431,0.5240240240240239
1432,0.537037037037037
1433,0.8133133133133132
1434,0.5625625625625625
1435,0.7912912912912913
1436,0.3408408408408409
1437,0.9774774774774775
1438,0.22772772772772773
1439,0.6546546546546547
1440,0.3128128128128128
1441,0.22122122122122123
1442,0.8718718718718719
1443,0.9606520395994085
1444,0.6546546546546547
1445,0.9844844844844844
1446,0.11011011011011011
1447,0.5240240240240239
1448,0.9554554554554555
1449,0.6036036036036037
1450,0.13363363363363362
1451,0.3698698698698699
1452,0.4019019019019019
1453,0.12262262262262263
1454,0.8718718718718719
1455,0.35035035035035034
1456,0.537037037037037
1457,0.9219219219219219
1458,0.9714714714714714
1459,0.009865334084084089
1460,0.5755755755755756
1461,0.057057057057057055
1462,0.20770770770770772
1463,0.2542542542542543
1464,0.8643643643643644
1465,0.8443443443443444
1466,0.5900900900900901
1467,0.3038038038038038
1468,0.0870870870870871
1469,0.5900900900900901
1470,0.35985985985985985
1471,0.7912912912912913
1472,0.10160160160160159
1473,0.32182182182182184
1474,0.7797797797797797
1475,0.9514514514514514
1476,0.06856856856856856
1477,0.32182182182182184
1478,0.3698698698698699
1479,0.9714714714714714
1480,0.8553553553553553
1481,0.6921921921921922
1482,0.32182182182182184
1483,0.55005005005005
1484,0.7682682682682682
1485,0.8443443443443444
1486,0.7412412412412412
1487,0.04354354354354355
1488,0.8443443443443444
1489,0.43543543543543545
1490,0.7797797797797797
1491,0.15065065065065064
1492,0.55005005005005
1493,0.5755755755755756
1494,0.8133133133133132
1495,0.7797797797797797
1496,0.06356356356356356
1497,0.6546546546546547
1498,0.6546546546546547
1499,0.537037037037037
1500,0.15565565565565564
1501,0.6921921921921922
1502,0.32182182182182184
1503,0.5240240240240239
1504,0.6801801801801801
1505,0.9514514514514514
1506,0.14564564564564564
1507,0.6166166166166166
1508,0.28728728728728725
1509,0.9554554554554555
1510,0.10160160160160159
1511,0.43543543543543545
1512,0.6921921921921922
1513,0.8343343343343343
1514,0.4129129129129129
1515,0.22122122122122123
1516,0.35035035035035034
1517,0.3698698698698699
1518,0.06606606606606608
1519,0.55005005005005
1520,0.10560560560560561
1521,0.0905905905905906
1522,0.4244244244244244
1523,0.6921921921921922
1524,0.967967967967968
1525,0.48448448448448445
1526,0.8443443443443444
1527,0.6676676676676676
1528,0.6166166166166166
1529,0.8343343343343343
1530,0.5755755755755756
1531,0.43543543543543545
1532,0.93993993993994
1533,0.3698698698698699
1534,0.8443443443443444
1535,0.13363363363363362
1536,0.28728728728728725
1537,0.2627627627627628
1538,0.28728728728728725
1539,0.7052052052052051
1540,0.8718718718718719
1541,0.3698698698698699
1542,0.4974974974974975
1543,0.8343343343343343
1544,0.8443443443443444
1545,0.8033033033033032
1546,0.4244244244244244
1547,0.22122122122122123
1548,0.9794794794794794
1549,0.6801801801801801
1550,0.9344344344344344
1551,0.03553553553553554
1552,0.8643643643643644
1553,0.5755755755755756
1554,0.8553553553553553
1555,0.8133133133133132
1556,0.10160160160160159
1557,0.3698698698698699
1558,0.05905905905905906
1559,0.7167167167167167
1560,0.5900900900900901
1561,0.6036036036036037
1562,0.7412412412412412
1563,0.44794794794794796
1564,0.2627627627627628
1565,0.8643643643643644
1566,0.7797797797797797
1567,0.537037037037037
1568,0.7412412412412412
1569,0.55005005005005
1570,0.6036036036036037
1571,0.8718718718718719
1572,0.2707707707707707
1573,0.10160160160160159
1574,0.45995995995996
1575,0.0905905905905906
1576,0.8553553553553553
1577,0.3038038038038038
1578,0.9219219219219219
1579,0.2627627627627628
1580,0.17117117117117117
1581,0.3698698698698699
1582,0.12762762762762764
1583,0.13963963963963963
1584,0.5900900900900901
1585,0.6166166166166166
1586,0.04854854854854855
1587,0.9039039039039038
1588,0.5755755755755756
1589,0.03353353353353353
1590,0.8133133133133132
1591,0.7287287287287287
1592,0.7052052052052051
1593,0.5240240240240239
1594,0.24074074074074073
1595,0.6036036036036037
1596,0.8443443443443444
1597,0.8133133133133132
1598,0.7287287287287287
1599,0.8238238238238238
1600,0.8808808808808809
1601,0.48448448448448445
1602,0.23423423423423423
1603,0.45995995995996
1604,0.537037037037037
1605,0.44794794794794796
1606,0.2707707707707707
1607,0.537037037037037
1608,0.8133133133133132
1609,0.4244244244244244
1610,0.02102102102102102
1611,0.2707707707707707
1612,0.9099099099099099
1613,0.5900900900900901
1614,0.12262262262262263
1615,0.2542542542542543
1616,0.537037037037037
1617,0.6676676676676676
1618,0.4019019019019019
1619,0.35035035035035034
1620,0.3323323323323323
1621,0.6166166166166166
1622,0.7547547547547548
1623,0.7167167167167167
1624,0.7167167167167167
1625,0.28728728728728725
1626,0.985985985985986
1627,0.2707707707707707
1628,0.6801801801801801
1629,0.8238238238238238
1630,0.4974974974974975
1631,0.3698698698698699
1632,0.5755755755755756
1633,0.5755755755755756
1634,0.15065065065065064
1635,0.2627627627627628
1636,0.3128128128128128
1637,0.7797797797797797
1638,0.8133133133133132
1639,0.04475629475629479
1640,0.6036036036036037
1641,0.45995995995996
1642,0.24674674674674674
1643,0.7287287287287287
1644,0.537037037037037
1645,0.3408408408408409
1646,0.5625625625625625
1647,0.11911911911911913
1648,0.9956302330348884
1649,0.32182182182182184
1650,0.3793793793793794
1651,0.9584584584584585
1652,0.511011011011011
1653,0.47197197197197194
1654,0.4019019019019019
1655,0.9344344344344344
1656,0.8238238238238238
1657,0.9159159159159158
1658,0.45995995995996
1659,0.7547547547547548
1660,0.45995995995996
1661,0.16116116116116114
1662,0.2542542542542543
1663,0.014947683109118138
1664,0.00170187086997751
1665,0.7682682682682682
1666,0.007928600456729785
1667,0.6166166166166166
1668,0.55005005005005
1669,0.4974974974974975
1670,0.02047096601552072
1671,0.18818818818818817
1672,0.11461461461461461
1673,0.6676676676676676
1674,0.7167167167167167
1675,0.537037037037037
1676,0.0905905905905906
1677,0.07407407407407407
1678,0.6801801801801801
1679,0.16116116116116114
1680,0.5755755755755756
1681,0.9554554554554555
1682,0.025025025025025023
1683,0.6301301301301301
1684,0.012755811366922267
1685,0.2707707707707707
1686,0.17617617617617617
1687,0.24674674674674674
1688,0.7547547547547548
1689,0.21421421421421422
1690,0.8133133133133132
1691,0.7797797797797797
1692,0.9514514514514514
1693,0.18818818818818817
1694,0.6036036036036037
1695,0.9774774774774775
1696,0.8808808808808809
1697,0.9099099099099099
1698,0.18818818818818817
1699,0.35985985985985985
1700,0.3408408408408409
1701,0.6546546546546547
1702,0.8893893893893894
1703,0.29479479479479476
1704,0.6546546546546547
1705,0.3408408408408409
1706,0.4019019019019019
1707,0.8808808808808809
1708,0.16616616616616614
1709,0.2792792792792793
1710,0.511011011011011
1711,0.6921921921921922
1712,0.6546546546546547
1713,0.06356356356356356
1714,0.45995995995996
1715,0.7052052052052051
1716,0.21421421421421422
1717,0.24674674674674674
1718,0.4974974974974975
1719,0.5625625625625625
1720,0.6921921921921922
1721,0.8133133133133132
1722,0.55005005005005
1723,0.32182182182182184
1724,0.8238238238238238
1725,0.000865249324768159
1726,0.8133133133133132
1727,0.3908908908908909
1728,0.7682682682682682
1729,0.9844844844844844
1730,0.3038038038038038
1731,0.35035035035035034
1732,0.6546546546546547
1733,0.5625625625625625
1734,0.15065065065065064
1735,0.8553553553553553
1736,0.35985985985985985
1737,0.2707707707707707
1738,0.47197197197197194
1739,0.43543543543543545
1740,0.6546546546546547
1741,0.32182182182182184
1742,0.6801801801801801
1743,0.05105105105105105
1744,0.16116116116116114
1745,0.9554554554554555
1746,0.8443443443443444
1747,0.18818818818818817
1748,0.8893893893893894
1749,0.007174228719587027
1750,0.29479479479479476
1751,0.48448448448448445
1752,0.44794794794794796
1753,0.55005005005005
1754,0.2017017017017017
1755,0.9514514514514514
1756,0.3128128128128128
1757,0.537037037037037
1758,0.6546546546546547
1759,0.18818818818818817
1760,0.3908908908908909
1761,0.6301301301301301
1762,0.4244244244244244
1763,0.6546546546546547
1764,0.13363363363363362
1765,0.5240240240240239
1766,0.511011011011011
1767,0.9099099099099099
1768,0.3408408408408409
1769,0.8808808808808809
1770,0.642142142142142
1771,0.6676676676676676
1772,0.2707707707707707
1773,0.6801801801801801
1774,0.44794794794794796
1775,0.9454454454454454
1776,0.3793793793793794
1777,0.7797797797797797
1778,0.5625625625625625
1779,0.9981981981981982
1780,0.7167167167167167
1781,0.8553553553553553
1782,0.21421421421421422
1783,0.511011011011011
1784,0.4019019019019019
1785,0.48448448448448445
1786,0.537037037037037
1787,0.8133133133133132
1788,0.35035035035035034
1789,0.8033033033033032
1790,0.06606606606606608
1791,0.3698698698698699
1792,0.5900900900900901
1793,0.55005005005005
1794,0.9619619619619619
1795,0.22122122122122123
1796,0.6546546546546547
1797,0.7412412412412412
1798,0.44794794794794796
1799,0.32182182182182184
1800,0.6301301301301301
1801,0.2017017017017017
1802,0.8893893893893894
1803,0.9284284284284284
1804,0.0870870870870871
1805,0.45995995995996
1806,0.6676676676676676
1807,0.20770770770770772
1808,0.05105105105105105
1809,0.2707707707707707
1810,0.8808808808808809
1811,0.32182182182182184
1812,0.8718718718718719
1813,0.12262262262262263
1814,0.5755755755755756
1815,0.7912912912912913
1816,0.7797797797797797
1817,0.32182182182182184
1818,0.23423423423423423
1819,0.6801801801801801
1820,0.537037037037037
1821,0.7547547547547548
1822,0.0905905905905906
1823,0.55005005005005
1824,0.2792792792792793
1825,0.7797797797797797
1826,0.8968968968968969
1827,0.6301301301301301
1828,0.8133133133133132
1829,0.006649416494978054
1830,0.7912912912912913
1831,0.6676676676676676
1832,0.7052052052052051
1833,0.15565565565565564
1834,0.6801801801801801
1835,0.8968968968968969
1836,0.7287287287287287
1837,0.3408408408408409
1838,0.9814814814814814
1839,0.55005005005005
1840,0.6166166166166166
1841,0.055055055055055056
1842,0.4019019019019019
1843,0.011735330836454595
1844,0.11911911911911913
1845,0.8343343343343343
1846,0.511011011011011
1847,0.43543543543543545
1848,0.2017017017017017
1849,0.5240240240240239
1850,0.9514514514514514
1851,0.7547547547547548
1852,0.7547547547547548
1853,0.511011011011011
1854,0.35985985985985985
1855,0.7682682682682682
1856,0.8443443443443444
1857,0.35985985985985985
1858,0.18818818818818817
1859,0.7912912912912913
1860,0.7912912912912913
1861,0.9514514514514514
1862,0.10160160160160159
1863,0.3793793793793794
1864,0.24074074074074073
1865,0.9219219219219219
1866,0.20770770770770772
1867,0.974974974974975
1868,0.55005005005005
1869,0.2017017017017017
1870,0.7412412412412412
1871,0.15565565565565564
1872,0.29479479479479476
1873,0.3793793793793794
1874,0.16616616616616614
1875,0.8238238238238238
1876,0.6166166166166166
1877,0.4244244244244244
1878,0.07757757757757758
1879,0.47197197197197194
1880,0.8033033033033032
1881,0.5900900900900901
1882,0.7797797797797797
1883,0.9284284284284284
1884,0.29479479479479476
1885,0.8343343343343343
1886,0.35035035035035034
1887,0.8643643643643644
1888,0.5900900900900901
1889,0.7912912912912913
1890,0.09759759759759759
1891,0.28728728728728725
1892,0.3128128128128128
1893,0.22122122122122123
1894,0.8553553553553553
1895,0.4019019019019019
1896,0.3908908908908909
1897,0.3128128128128128
1898,0.8343343343343343
1899,0.5900900900900901
1900,0.3038038038038038
1901,0.6921921921921922
1902,0.29479479479479476
1903,0.4974974974974975
1904,0.28728728728728725
1905,0.642142142142142
1906,0.05105105105105105
1907,0.8553553553553553
1908,0.6546546546546547
1909,0.07407407407407407
1910,0.18218218218218218
1911,0.5900900900900901
1912,0.2542542542542543
1913,0.3698698698698699
1914,0.4129129129129129
1915,0.8443443443443444
1916,0.22122122122122123
1917,0.537037037037037
1918,0.974974974974975
1919,0.964964964964965
1920,0.7547547547547548
1921,0.8553553553553553
1922,0.8033033033033032
1923,0.3323323323323323
1924,0.9584584584584585
1925,0.3908908908908909
1926,0.16616616616616614
1927,0.8643643643643644
1928,0.8893893893893894
1929,0.4244244244244244
1930,0.4129129129129129
1931,0.21421421421421422
1932,0.55005005005005
1933,0.1946946946946947
1934,0.43543543543543545
1935,0.22122122122122123
1936,0.14564564564564564
1937,0.3323323323323323
1938,0.9454454454454454
1939,0.48448448448448445
1940,0.964964964964965
1941,0.9284284284284284
1942,0.9774774774774775
1943,0.29479479479479476
1944,0.7912912912912913
1945,0.8718718718718719
1946,0.44794794794794796
1947,0.21421421421421422
1948,0.7412412412412412
1949,0.537037037037037
1950,0.55005005005005
1951,0.8968968968968969
1952,0.6921921921921922
1953,0.6166166166166166
1954,0.47197197197197194
1955,0.3698698698698699
1956,0.4244244244244244
1957,0.9284284284284284
1958,0.6921921921921922
1959,0.43543543543543545
1960,0.2017017017017017
1961,0.5240240240240239
1962,0.5625625625625625
1963,0.35035035035035034
1964,0.7412412412412412
1965,0.47197197197197194
1966,0.35035035035035034
1967,0.9159159159159158
1968,0.32182182182182184
1969,0.7547547547547548
1970,0.4974974974974975
1971,0.6676676676676676
1972,0.9039039039039038
1973,0.24674674674674674
1974,0.03903903903903904
1975,0.03453453453453405
1976,0.08358358358358359
1977,0.06356356356356356
1978,0.8443443443443444
1979,0.07107107107107108
1980,0.8033033033033032
1981,0.8238238238238238
1982,0.7412412412412412
1983,0.8718718718718719
1984,0.3038038038038038
1985,0.24074074074074073
1986,0.21421421421421422
1987,0.09409409409409408
1988,0.8718718718718719
1989,0.4974974974974975
1990,0.041541541541541535
1991,0.16116116116116114
1992,0.3128128128128128
1993,0.5755755755755756
1994,0.3408408408408409
1995,0.4129129129129129
1996,0.21421421421421422
1997,0.47197197197197194
1998,0.55005005005005
1999,0.9284284284284284
2000,0.3038038038038038
2001,0.6301301301301301
2002,0.23423423423423423
2003,0.9344344344344344
2004,0.3128128128128128
2005,0.6801801801801801
2006,0.9619619619619619
2007,0.9284284284284284
2008,0.8343343343343343
2009,0.8808808808808809
2010,0.6676676676676676
2011,0.5755755755755756
2012,0.3038038038038038
2013,0.17617617617617617
2014,0.4019019019019019
2015,0.7287287287287287
2016,0.6301301301301301
2017,0.9916232021495183
2018,0.22122122122122123
2019,0.3793793793793794
2020,0.4019019019019019
2021,0.5900900900900901
2022,0.18218218218218218
2023,0.13363363363363362
2024,0.041541541541541535
2025,0.6801801801801801
2026,0.11461461461461461
2027,0.3908908908908909
2028,0.9099099099099099
2029,0.6921921921921922
2030,0.6301301301301301
2031,0.3793793793793794
2032,0.4974974974974975
2033,0.8343343343343343
2034,0.3128128128128128
2035,0.23423423423423423
2036,0.7797797797797797
2037,0.3128128128128128
2038,0.964964964964965
2039,0.45995995995996
2040,0.2792792792792793
2041,0.8033033033033032
2042,0.8808808808808809
2043,0.20770770770770772
2044,0.9814814814814814
2045,0.3408408408408409
2046,0.03553553553553554
2047,0.9159159159159158
2048,0.2017017017017017
2049,0.6301301301301301
2050,0.5755755755755756
2051,0.55005005005005
2052,0.11461461461461461
2053,0.2707707707707707
2054,0.974974974974975
2055,0.22122122122122123
2056,0.32182182182182184
2057,0.29479479479479476
2058,0.45995995995996
2059,0.24074074074074073
2060,0.025025025025025023
2061,0.44794794794794796
2062,0.22122122122122123
2063,0.8718718718718719
2064,0.9829829829829829
2065,0.13363363363363362
2066,0.4974974974974975
2067,0.9099099099099099
2068,0.48448448448448445
2069,0.24074074074074073
2070,0.2627627627627628
2071,0.03553553553553554
2072,0.18818818818818817
2073,0.3038038038038038
2074,0.20770770770770772
2075,0.4244244244244244
2076,0.13963963963963963
2077,0.014449427005480674
2078,0.8133133133133132
2079,0.3128128128128128
2080,0.22772772772772773
2081,0.10560560560560561
2082,0.037037037037037035
2083,0.5755755755755756
2084,0.20770770770770772
2085,0.35985985985985985
2086,0.8643643643643644
2087,0.3128128128128128
2088,0.537037037037037
2089,0.44794794794794796
2090,0.22122122122122123
2091,0.9284284284284284
2092,0.053553553553553554
2093,0.10160160160160159
2094,0.15065065065065064
2095,0.44794794794794796
2096,0.4019019019019019
2097,0.7682682682682682
2098,0.642142142142142
2099,0.24074074074074073
2100,0.43543543543543545
2101,0.642142142142142
2102,0.6921921921921922
2103,0.1946946946946947
2104,0.22122122122122123
2105,0.1946946946946947
2106,0.537037037037037
2107,0.9950058062974733
2108,0.6166166166166166
2109,0.6676676676676676
2110,0.3408408408408409
2111,0.16616616616616614
2112,0.7682682682682682
2113,0.32182182182182184
2114,0.8033033033033032
2115,0.98998998998999
2116,0.7412412412412412
2117,0.8643643643643644
2118,0.8033033033033032
2119,0.47197197197197194
2120,0.7547547547547548
2121,0.1946946946946947
2122,0.15065065065065064
2123,0.3793793793793794
2124,0.5900900900900901
2125,0.041541541541541535
2126,0.7682682682682682
2127,0.8893893893893894
2128,0.990990990990991
2129,0.23423423423423423
2130,0.08358358358358359
2131,0.11911911911911913
2132,0.8718718718718719
2133,0.5755755755755756
2134,0.4244244244244244
2135,0.8343343343343343
2136,0.3793793793793794
2137,0.8443443443443444
2138,0.11911911911911913
2139,0.6166166166166166
2140,0.55005005005005
2141,0.5900900900900901
2142,0.55005005005005
2143,0.1946946946946947
2144,0.18218218218218218
2145,0.03003003003003003
2146,0.5900900900900901
2147,0.6546546546546547
2148,0.16116116116116114
2149,0.7167167167167167
2150,0.8643643643643644
2151,0.28728728728728725
2152,0.2542542542542543
2153,0.6676676676676676
2154,0.8238238238238238
2155,0.44794794794794796
2156,0.6801801801801801
2157,0.7167167167167167
2158,0.9159159159159158
2159,0.11461461461461461
2160,0.55005005005005
2161,0.5755755755755756
2162,0.44794794794794796
2163,0.5625625625625625
2164,0.7547547547547548
2165,0.93993993993994
2166,0.93993993993994
2167,0.3408408408408409
2168,0.08058058058058058
2169,0.8033033033033032
2170,0.642142142142142
2171,0.07107107107107108
2172,0.7412412412412412
2173,0.3793793793793794
2174,0.8133133133133132
2175,0.08358358358358359
2176,0.6801801801801801
2177,0.7287287287287287
2178,0.43543543543543545
2179,0.4019019019019019
2180,0.6166166166166166
2181,0.8033033033033032
2182,0.4129129129129129
2183,0.24074074074074073
2184,0.9426499865096364
2185,0.996289196630566
2186,0.4244244244244244
2187,0.16616616616616614
2188,0.9794794794794794
2189,0.7287287287287287
2190,0.7287287287287287
2191,0.9159159159159158
2192,0.029029029029029027
2193,0.6921921921921922
2194,0.4974974974974975
2195,0.17117117117117117
2196,0.8133133133133132
2197,0.06856856856856856
2198,0.4129129129129129
2199,0.8238238238238238
2200,0.8893893893893894
2201,0.2627627627627628
2202,0.04704704704704705
2203,0.9159159159159158
2204,0.00014685424319459676
2205,0.537037037037037
2206,0.8808808808808809
2207,0.642142142142142
2208,0.2792792792792793
2209,0.5755755755755756
2210,0.3408408408408409
2211,0.09759759759759759
2212,0.15065065065065064
2213,0.20770770770770772
2214,0.3793793793793794
2215,0.5240240240240239
2216,0.9039039039039038
2217,0.5755755755755756
2218,0.642142142142142
2219,0.15065065065065064
2220,0.45995995995996
2221,0.6676676676676676
2222,0.10160160160160159
2223,0.35985985985985985
2224,0.7287287287287287
2225,0.98998998998999
2226,0.6676676676676676
2227,0.07757757757757758
2228,0.8968968968968969
2229,0.7167167167167167
2230,0.8968968968968969
2231,0.3793793793793794
2232,0.7052052052052051
2233,0.5900900900900901
2234,0.07107107107107108
2235,0.9990126595596238
2236,0.12762762762762764
2237,0.9454454454454454
2238,0.3698698698698699
2239,0.32182182182182184
2240,0.17617617617617617
2241,0.12262262262262263
2242,0.06356356356356356
2243,0.22772772772772773
2244,0.32182182182182184
2245,0.29479479479479476
2246,0.93993993993994
2247,0.32182182182182184
2248,0.5755755755755756
2249,0.09409409409409408
2250,0.35035035035035034
2251,0.3793793793793794
2252,0.6301301301301301
2253,0.009865334084084089
2254,0.20770770770770772
2255,0.5625625625625625
2256,0.3698698698698699
2257,0.031031031031031032
2258,0.1946946946946947
2259,0.03553553553553554
2260,0.2542542542542543
2261,0.5240240240240239
2262,0.3323323323323323
2263,0.9219219219219219
2264,0.2792792792792793
2265,0.4974974974974975
2266,0.9284284284284284
2267,0.8718718718718719
2268,0.21421421421421422
2269,0.28728728728728725
2270,0.6036036036036037
2271,0.3698698698698699
2272,0.21421421421421422
2273,0.6546546546546547
2274,0.3908908908908909
2275,0.55005005005005
2276,0.7052052052052051
2277,0.48448448448448445
2278,0.7052052052052051
2279,0.2542542542542543
2280,0.3038038038038038
2281,0.7167167167167167
2282,0.8343343343343343
2283,0.12262262262262263
2284,0.06356356356356356
2285,0.9344344344344344
2286,0.537037037037037
2287,0.7547547547547548
2288,0.09409409409409408
2289,0.0244638577971909
2290,0.29479479479479476
2291,0.9219219219219219
2292,0.3128128128128128
2293,0.4974974974974975
2294,0.93993993993994
2295,0.03203203203203203
2296,0.8133133133133132
2297,0.2627627627627628
2298,0.04704704704704705
2299,0.02852852852852877
2300,0.2707707707707707
2301,0.16116116116116114
2302,0.6546546546546547
2303,0.4244244244244244
2304,0.16616616616616614
2305,0.055055055055055056
2306,0.35035035035035034
2307,0.8718718718718719
2308,0.8133133133133132
2309,0.06856856856856856
2310,0.5755755755755756
2311,0.6921921921921922
2312,0.2792792792792793
2313,0.35035035035035034
2314,0.8718718718718719
2315,0.48448448448448445
2316,0.8343343343343343
2317,0.21421421421421422
2318,0.01530272787757826
2319,0.10160160160160159
2320,0.6676676676676676
2321,0.8968968968968969
2322,0.7682682682682682
2323,0.16116116116116114
2324,0.511011011011011
2325,0.45995995995996
2326,0.5755755755755756
2327,0.991991991991992
2328,0.15565565565565564
2329,0.4974974974974975
2330,0.8643643643643644
2331,0.6801801801801801
2332,0.6301301301301301
2333,0.12762762762762764
2334,0.013954632598700466
2335,0.967967967967968
2336,0.32182182182182184
2337,0.22122122122122123
2338,0.3408408408408409
2339,0.9219219219219219
2340,0.11911911911911913
2341,0.6921921921921922
2342,0.2707707707707707
2343,0.7912912912912913
2344,0.15065065065065064
2345,0.8643643643643644
2346,0.22772772772772773
2347,0.2792792792792793
2348,0.21421421421421422
2349,0.9219219219219219
2350,0.4244244244244244
2351,0.24674674674674674
2352,0.6921921921921922
2353,0.019867195439714675
2354,0.053553553553553554
2355,0.17617617617617617
2356,0.9514514514514514
2357,0.8643643643643644
2358,0.6801801801801801
2359,0.2017017017017017
2360,0.8968968968968969
2361,0.6301301301301301
2362,0.7682682682682682
2363,0.537037037037037
2364,0.32182182182182184
2365,0.43543543543543545
2366,0.642142142142142
2367,0.6676676676676676
2368,0.7547547547547548
2369,0.7547547547547548
2370,0.32182182182182184
2371,0.7912912912912913
2372,0.5755755755755756
2373,0.10160160160160159
2374,0.9159159159159158
2375,0.6036036036036037
2376,0.6676676676676676
2377,0.998998998998999
2378,0.5625625625625625
2379,0.4129129129129129
2380,0.8643643643643644
2381,0.22122122122122123
2382,0.5755755755755756
2383,0.8893893893893894
2384,0.9039039039039038
2385,0.9159159159159158
2386,0.8033033033033032
2387,0.55005005005005
2388,0.11461461461461461
2389,0.7412412412412412
2390,0.3038038038038038
2391,0.9159159159159158
2392,0.6676676676676676
2393,0.6166166166166166
2394,0.7167167167167167
2395,0.5625625625625625
2396,0.20770770770770772
2397,0.8133133133133132
2398,0.6546546546546547
2399,0.0905905905905906
2400,0.45995995995996
2401,0.7797797797797797
2402,0.5240240240240239
2403,0.005765195548911272
2404,0.6166166166166166
2405,0.6036036036036037
2406,0.511011011011011
2407,0.15065065065065064
2408,0.03353353353353353
2409,0.24674674674674674
2410,0.02252252252252252
2411,0.8718718718718719
2412,0.44794794794794796
2413,0.5240240240240239
2414,0.8443443443443444
2415,0.4129129129129129
2416,0.5755755755755756
2417,0.9284284284284284
2418,0.985985985985986
2419,0.5625625625625625
2420,0.16616616616616614
2421,0.48448448448448445
2422,0.35985985985985985
2423,0.511011011011011
2424,0.16116116116116114
2425,0.967967967967968
2426,0.7287287287287287
2427,0.15565565565565564
2428,0.24674674674674674
2429,0.7167167167167167
2430,0.13363363363363362
2431,0.4019019019019019
2432,0.13363363363363362
2433,0.8643643643643644
2434,0.6036036036036037
2435,0.17617617617617617
2436,0.8238238238238238
2437,0.9039039039039038
2438,0.17117117117117117
2439,0.03003003003003003
2440,0.13963963963963963
2441,0.6301301301301301
2442,0.8808808808808809
2443,0.9829829829829829
2444,0.1946946946946947
2445,0.32182182182182184
2446,0.18218218218218218
2447,0.7797797797797797
2448,0.7052052052052051
2449,0.35985985985985985
2450,0.5900900900900901
2451,0.43543543543543545
2452,0.2792792792792793
2453,0.16116116116116114
2454,0.8238238238238238
2455,0.5240240240240239
2456,0.537037037037037
2457,0.3128128128128128
2458,0.6921921921921922
2459,0.01348382280585651
2460,0.9344344344344344
2461,0.9454454454454454
2462,0.23423423423423423
2463,0.8443443443443444
2464,0.4244244244244244
2465,0.6546546546546547
2466,0.642142142142142
2467,0.8343343343343343
2468,0.9219219219219219
2469,0.11011011011011011
2470,0.045634920634920605
2471,0.6676676676676676
2472,0.47197197197197194
2473,0.4019019019019019
2474,0.6036036036036037
2475,0.3128128128128128
2476,0.16116116116116114
2477,0.9099099099099099
2478,0.6546546546546547
2479,0.43543543543543545
2480,0.8718718718718719
2481,0.4974974974974975
2482,0.12262262262262263
2483,0.29479479479479476
2484,0.8893893893893894
2485,0.20770770770770772
2486,0.3793793793793794
2487,0.8643643643643644
2488,0.7167167167167167
2489,0.8443443443443444
2490,0.2017017017017017
2491,0.642142142142142
2492,0.8343343343343343
2493,0.8238238238238238
2494,0.2792792792792793
2495,0.44794794794794796
2496,0.8033033033033032
2497,0.8553553553553553
2498,0.6676676676676676
2499,0.7287287287287287
2500,0.44794794794794796
2501,0.6166166166166166
2502,0.3698698698698699
2503,0.9619619619619619
2504,0.9039039039039038
2505,0.55005005005005
2506,0.9099099099099099
2507,0.9774774774774775
2508,0.22122122122122123
2509,0.17617617617617617
2510,0.0870870870870871
2511,0.7547547547547548
2512,0.7167167167167167
2513,0.47197197197197194
2514,0.0870870870870871
2515,0.28728728728728725
2516,0.8808808808808809
2517,0.7052052052052051
2518,0.6801801801801801
2519,0.6301301301301301
2520,0.5900900900900901
2521,0.4129129129129129
2522,0.10560560560560561
2523,0.6921921921921922
2524,0.4974974974974975
2525,0.7052052052052051
2526,0.45995995995996
2527,0.5625625625625625
2528,0.9554554554554555
2529,0.2017017017017017
2530,0.9874874874874875
2531,0.6166166166166166
2532,0.9794794794794794
2533,0.18818818818818817
2534,0.6546546546546547
2535,0.6676676676676676
2536,0.11011011011011011
2537,0.22772772772772773
2538,0.8808808808808809
2539,0.5900900900900901
2540,0.09409409409409408
2541,0.7412412412412412
2542,0.055055055055055056
2543,0.8033033033033032
2544,0.6301301301301301
2545,0.9514514514514514
2546,0.24674674674674674
2547,0.21421421421421422
2548,0.4244244244244244
2549,0.8643643643643644
2550,0.43543543543543545
2551,0.93993993993994
2552,0.3793793793793794
2553,0.4019019019019019
2554,0.2627627627627628
2555,0.17117117117117117
2556,0.35985985985985985
2557,0.5625625625625625
2558,0.7167167167167167
2559,0.8133133133133132
2560,0.6921921921921922
2561,0.6166166166166166
2562,0.5900900900900901
2563,0.2627627627627628
2564,0.6036036036036037
2565,0.022022022022022022
2566,0.7547547547547548
2567,0.01901901901901902
2568,0.7412412412412412
2569,0.014947683109118138
2570,0.8443443443443444
2571,0.9619619619619619
2572,0.43543543543543545
2573,0.9814814814814814
2574,0.8133133133133132
2575,0.642142142142142
2576,0.8033033033033032
2577,0.7912912912912913
2578,0.47197197197197194
2579,0.974974974974975
2580,0.8808808808808809
2581,0.8718718718718719
2582,0.9985985985985988
2583,0.24074074074074073
2584,0.6921921921921922
2585,0.7547547547547548
2586,0.18218218218218218
2587,0.6921921921921922
2588,0.22122122122122123
2589,0.2542542542542543
2590,0.03553553553553554
2591,0.48448448448448445
2592,0.12762762762762764
2593,0.4244244244244244
2594,0.7412412412412412
2595,0.5900900900900901
2596,0.7547547547547548
2597,0.3128128128128128
2598,0.9714714714714714
2599,0.7682682682682682
2600,0.2542542542542543
2601,0.537037037037037
2602,0.7412412412412412
2603,0.47197197197197194
2604,0.8033033033033032
2605,0.35035035035035034
2606,0.12762762762762764
2607,0.28728728728728725
2608,0.3408408408408409
2609,0.6801801801801801
2610,0.9219219219219219
2611,0.7547547547547548
2612,0.20770770770770772
2613,0.511011011011011
2614,0.5755755755755756
2615,0.3408408408408409
2616,0.3128128128128128
2617,0.9159159159159158
2618,0.16616616616616614
2619,0.991991991991992
2620,0.9219219219219219
2621,0.2792792792792793
2622,0.5625625625625625
2623,0.6166166166166166
2624,0.07407407407407407
2625,0.967967967967968
2626,0.6676676676676676
2627,0.6301301301301301
2628,0.7167167167167167
2629,0.8718718718718719
2630,0.5900900900900901
2631,0.22772772772772773
2632,0.4129129129129129
2633,0.511011011011011
2634,0.8133133133133132
2635,0.5755755755755756
2636,0.6036036036036037
2637,0.7287287287287287
2638,0.9514514514514514
2639,0.6036036036036037
2640,0.7052052052052051
2641,0.9284284284284284
2642,0.4019019019019019
2643,0.996289196630566
2644,0.32182182182182184
2645,0.7287287287287287
2646,0.3408408408408409
2647,0.029029029029029027
2648,0.22772772772772773
2649,0.06856856856856856
2650,0.8808808808808809
2651,0.47197197197197194
2652,0.17617617617617617
2653,0.6921921921921922
2654,0.4244244244244244
2655,0.8443443443443444
2656,0.55005005005005
2657,0.537037037037037
2658,0.24674674674674674
2659,0.9554554554554555
2660,0.8238238238238238
2661,0.8443443443443444
2662,0.8443443443443444
2663,0.7797797797797797
2664,0.04704704704704705
2665,0.9874874874874875
2666,0.45995995995996
2667,0.17617617617617617
2668,0.9159159159159158
2669,0.3698698698698699
2670,0.8808808808808809
2671,0.45995995995996
2672,0.4129129129129129
2673,0.7412412412412412
2674,0.07757757757757758
2675,0.3038038038038038
2676,0.9454454454454454
2677,0.44794794794794796
2678,0.07407407407407407
2679,0.537037037037037
2680,0.07407407407407407
2681,0.05905905905905906
2682,0.24674674674674674
2683,0.5900900900900901
2684,0.2542542542542543
2685,0.10560560560560561
2686,0.9219219219219219
2687,0.35035035035035034
2688,0.6546546546546547
2689,0.537037037037037
2690,0.537037037037037
2691,0.3908908908908909
2692,0.537037037037037
2693,0.6546546546546547
2694,0.6801801801801801
2695,0.4129129129129129
2696,0.24074074074074073
2697,0.6166166166166166
2698,0.9794794794794794
2699,0.28728728728728725
2700,0.4244244244244244
2701,0.32182182182182184
2702,0.45995995995996
2703,0.6546546546546547
2704,0.7547547547547548
2705,0.6546546546546547
2706,0.8718718718718719
2707,0.537037037037037
2708,0.7547547547547548
2709,0.8643643643643644
2710,0.4244244244244244
2711,0.22122122122122123
2712,0.8968968968968969
2713,0.7912912912912913
2714,0.7052052052052051
2715,0.32182182182182184
2716,0.5755755755755756
2717,0.9344344344344344
2718,0.8443443443443444
2719,0.7547547547547548
2720,0.3793793793793794
2721,0.9159159159159158
2722,0.48448448448448445
2723,0.3038038038038038
2724,0.9774774774774775
2725,0.4244244244244244
2726,0.537037037037037
2727,0.5900900900900901
2728,0.9774774774774775
2729,0.7287287287287287
2730,0.7412412412412412
2731,0.11011011011011011
2732,0.7547547547547548
2733,0.8238238238238238
2734,0.537037037037037
2735,0.8553553553553553
2736,0.7167167167167167
2737,0.8808808808808809
2738,0.43543543543543545
2739,0.03553553553553554
2740,0.32182182182182184
2741,0.0244638577971909
2742,0.9584584584584585
2743,0.7167167167167167
2744,0.7287287287287287
2745,0.991991991991992
2746,0.2542542542542543
2747,0.537037037037037
2748,0.8443443443443444
2749,0.7287287287287287
2750,0.537037037037037
2751,0.6301301301301301
2752,0.7547547547547548
2753,0.8718718718718719
2754,0.6036036036036037
2755,0.8893893893893894
2756,0.8553553553553553
2757,0.6801801801801801
2758,0.14564564564564564
2759,0.45995995995996
2760,0.045634920634920605
2761,0.9219219219219219
2762,0.6865014935190384
2763,0.8133133133133132
2764,0.7052052052052051
2765,0.964964964964965
2766,0.9554554554554555
2767,0.11461461461461461
2768,0.8343343343343343
2769,0.9454454454454454
2770,0.7412412412412412
2771,0.642142142142142
2772,0.28728728728728725
2773,0.4244244244244244
2774,0.15065065065065064
2775,0.02047096601552072
2776,0.041541541541541535
2777,0.10160160160160159
2778,0.5900900900900901
2779,0.4974974974974975
2780,0.7412412412412412
2781,0.48448448448448445
2782,0.8718718718718719
2783,0.7682682682682682
2784,0.4244244244244244
2785,0.3793793793793794
2786,0.5755755755755756
2787,0.7167167167167167
2788,0.6036036036036037
2789,0.5900900900900901
2790,0.1946946946946947
2791,0.24674674674674674
2792,0.4974974974974975
2793,0.7412412412412412
2794,0.537037037037037
2795,0.8808808808808809
2796,0.6166166166166166
2797,0.8238238238238238
2798,0.48448448448448445
2799,0.6166166166166166
2800,0.48448448448448445
2801,0.28728728728728725
2802,0.32182182182182184
2803,0.9159159159159158
2804,0.07107107107107108
2805,0.6036036036036037
2806,0.0905905905905906
2807,0.055055055055055056
2808,0.8343343343343343
2809,0.24674674674674674
2810,0.7682682682682682
2811,0.4974974974974975
2812,0.6166166166166166
2813,0.04354354354354355
2814,0.17117117117117117
2815,0.43543543543543545
2816,0.4244244244244244
2817,0.48448448448448445
2818,0.43543543543543545
2819,0.6166166166166166
2820,0.015968063872255422
2821,0.9284284284284284
2822,0.019867195439714675
2823,0.44794794794794796
2824,0.6801801801801801
2825,0.15565565565565564
2826,0.006070270915115687
2827,0.9814814814814814
2828,0.7287287287287287
2829,0.4244244244244244
2830,0.3038038038038038
2831,0.8133133133133132
2832,0.55005005005005
2833,0.7167167167167167
2834,0.7052052052052051
2835,0.9493036520900259
2836,0.18818818818818817
2837,0.9584584584584585
2838,0.35035035035035034
2839,0.44794794794794796
2840,0.7167167167167167
2841,0.7412412412412412
2842,0.22122122122122123
2843,0.045634920634920605
2844,0.5900900900900901
2845,0.47197197197197194
2846,0.5625625625625625
2847,0.6801801801801801
2848,0.9344344344344344
2849,0.9039039039039038
2850,0.055055055055055056
2851,0.15065065065065064
2852,0.537037037037037
2853,0.041541541541541535
2854,0.8238238238238238
2855,0.7287287287287287
2856,0.4129129129129129
2857,0.5240240240240239
2858,0.10560560560560561
2859,0.18218218218218218
2860,0.13963963963963963
2861,0.6301301301301301
2862,0.4974974974974975
2863,0.537037037037037
2864,0.7412412412412412
2865,0.13363363363363362
2866,0.3128128128128128
2867,0.18218218218218218
2868,0.8133133133133132
2869,0.5625625625625625
2870,0.12762762762762764
2871,0.3323323323323323
2872,0.10560560560560561
2873,0.8643643643643644
2874,0.964964964964965
2875,0.7287287287287287
2876,0.5240240240240239
2877,0.8033033033033032
2878,0.4129129129129129
2879,0.3908908908908909
2880,0.7167167167167167
2881,0.44794794794794796
2882,0.07407407407407407
2883,0.7287287287287287
2884,0.8553553553553553
2885,0.6546546546546547
2886,0.20770770770770772
2887,0.22122122122122123
2888,0.9219219219219219
2889,0.8033033033033032
2890,0.47197197197197194
2891,0.5625625625625625
2892,0.08058058058058058
2893,0.28728728728728725
2894,0.5900900900900901
2895,0.11011011011011011
2896,0.8643643643643644
2897,0.0905905905905906
2898,0.6546546546546547
2899,0.43543543543543545
2900,0.7052052052052051
2901,0.8808808808808809
2902,0.24674674674674674
2903,0.2542542542542543
2904,0.12262262262262263
2905,0.6036036036036037
2906,0.23423423423423423
2907,0.5625625625625625
2908,0.8238238238238238
2909,0.5625625625625625
2910,0.35985985985985985
2911,0.24674674674674674
2912,0.2792792792792793
2913,0.13363363363363362
2914,0.5625625625625625
2915,0.32182182182182184
2916,0.93993993993994
2917,0.3793793793793794
2918,0.5240240240240239
2919,0.32182182182182184
2920,0.7412412412412412
2921,0.93993993993994
2922,0.4129129129129129
2923,0.1946946946946947
2924,0.06156156156156156
2925,0.22122122122122123
2926,0.9219219219219219
2927,0.7797797797797797
2928,0.4129129129129129
2929,0.47197197197197194
2930,0.7052052052052051
2931,0.20770770770770772
2932,0.7052052052052051
2933,0.93993993993994
2934,0.8808808808808809
2935,0.7682682682682682
2936,0.7412412412412412
2937,0.16616616616616614
2938,0.7682682682682682
2939,0.2542542542542543
2940,0.9794794794794794
2941,0.32182182182182184
2942,0.35035035035035034
2943,0.7167167167167167
2944,0.8133133133133132
2945,0.9099099099099099
2946,0.3793793793793794
2947,0.642142142142142
2948,0.4974974974974975
2949,0.2017017017017017
2950,0.6921921921921922
2951,0.7912912912912913
2952,0.47197197197197194
2953,0.7797797797797797
2954,0.24074074074074073
2955,0.15065065065065064
2956,0.511011011011011
2957,0.3408408408408409
2958,0.8718718718718719
2959,0.5755755755755756
2960,0.6676676676676676
2961,0.8238238238238238
2962,0.22772772772772773
2963,0.7682682682682682
2964,0.6921921921921922
2965,0.93993993993994
2966,0.13363363363363362
2967,0.964964964964965
2968,0.8718718718718719
2969,0.6036036036036037
2970,0.4244244244244244
2971,0.642142142142142
2972,0.24074074074074073
2973,0.5625625625625625
2974,0.5900900900900901
2975,0.990990990990991
2976,0.8643643643643644
2977,0.3908908908908909
2978,0.8343343343343343
2979,0.9099099099099099
2980,0.6166166166166166
2981,0.32182182182182184
2982,0.4244244244244244
2983,0.9874874874874875
2984,0.03203203203203203
2985,0.642142142142142
2986,0.9039039039039038
2987,0.6801801801801801
2988,0.45995995995996
2989,0.6921921921921922
2990,0.16116116116116114
2991,0.10160160160160159
2992,0.6166166166166166
2993,0.7052052052052051
2994,0.9774774774774775
2995,0.511011011011011
2996,0.7287287287287287
2997,0.4019019019019019
2998,0.5625625625625625
2999,0.3038038038038038
3000,0.2627627627627628
3001,0.045634920634920605
3002,0.3793793793793794
3003,0.9794794794794794
3004,0.9874874874874875
3005,0.3908908908908909
3006,0.8238238238238238
3007,0.537037037037037
3008,0.8808808808808809
3009,0.32182182182182184
3010,0.11461461461461461
3011,0.7797797797797797
3012,0.6301301301301301
3013,0.642142142142142
3014,0.6036036036036037
3015,0.9874874874874875
3016,0.6166166166166166
3017,0.04354354354354355
3018,0.991991991991992
3019,0.537037037037037
3020,0.6166166166166166
3021,0.3323323323323323
3022,0.6676676676676676
3023,0.17117117117117117
3024,0.9619619619619619
3025,0.8443443443443444
3026,0.8643643643643644
3027,0.45995995995996
3028,0.48448448448448445
3029,0.6546546546546547
3030,0.642142142142142
3031,0.537037037037037
3032,0.537037037037037
3033,0.7547547547547548
3034,0.037037037037037035
3035,0.35985985985985985
3036,0.967967967967968
3037,0.12762762762762764
3038,0.3323323323323323
3039,0.9844844844844844
3040,0.07407407407407407
3041,0.6036036036036037
3042,0.6036036036036037
3043,0.4129129129129129
3044,0.511011011011011
3045,0.8443443443443444
3046,0.8893893893893894
3047,0.025025025025025023
3048,0.3908908908908909
3049,0.2792792792792793
3050,0.9284284284284284
3051,0.9099099099099099
3052,0.018474356709650953
3053,0.2627627627627628
3054,0.9159159159159158
3055,0.48448448448448445
3056,0.990990990990991
3057,0.3323323323323323
3058,0.55005005005005
3059,0.2707707707707707
3060,0.9344344344344344
3061,0.057057057057057055
3062,0.48448448448448445
3063,0.2792792792792793
3064,0.7412412412412412
3065,0.8808808808808809
3066,0.6676676676676676
3067,0.8893893893893894
3068,0.14564564564564564
3069,0.3408408408408409
3070,0.43543543543543545
3071,0.3408408408408409
3072,0.537037037037037
3073,0.4129129129129129
3074,0.6546546546546547
3075,0.7797797797797797
3076,0.21421421421421422
3077,0.7912912912912913
3078,0.537037037037037
3079,0.6921921921921922
3080,0.21421421421421422
3081,0.20770770770770772
3082,0.48448448448448445
3083,0.9774774774774775
3084,0.8133133133133132
3085,0.9829829829829829
3086,0.48448448448448445
3087,0.06606606606606608
3088,0.0022234388603371387
3089,0.11461461461461461
3090,0.4974974974974975
3091,0.8033033033033032
3092,0.6921921921921922
3093,0.10560560560560561
3094,0.3323323323323323
3095,0.7412412412412412
3096,0.7412412412412412
3097,0.28728728728728725
3098,0.47197197197197194
3099,0.537037037037037
3100,0.11461461461461461
3101,0.4129129129129129
3102,0.8133133133133132
3103,0.44794794794794796
3104,0.9514514514514514
3105,0.32182182182182184
3106,0.3793793793793794
3107,0.18818818818818817
3108,0.3698698698698699
3109,0.6676676676676676
3110,0.24074074074074073
3111,0.7797797797797797
3112,0.21421421421421422
3113,0.5240240240240239
3114,0.29479479479479476
3115,0.03203203203203203
3116,0.057057057057057055
3117,0.642142142142142
3118,0.8643643643643644
3119,0.24074074074074073
3120,0.3038038038038038
3121,0.45995995995996
3122,0.3698698698698699
3123,0.22772772772772773
3124,0.17617617617617617
3125,0.7412412412412412
3126,0.7797797797797797
3127,0.041541541541541535
3128,0.16616616616616614
3129,0.3908908908908909
3130,0.8238238238238238
3131,0.7412412412412412
3132,0.5900900900900901
3133,0.1946946946946947
3134,0.008657780587604878
3135,0.9344344344344344
3136,0.7052052052052051
3137,0.03453453453453405
3138,0.6546546546546547
3139,0.11011011011011011
3140,0.2792792792792793
3141,0.7682682682682682
3142,0.6921921921921922
3143,0.47197197197197194
3144,0.29479479479479476
3145,0.3698698698698699
3146,0.8343343343343343
3147,0.06156156156156156
3148,0.8033033033033032
3149,0.8643643643643644
3150,0.6301301301301301
3151,0.5900900900900901
3152,0.35035035035035034
3153,0.03353353353353353
3154,0.6801801801801801
3155,0.029029029029029027
3156,0.1946946946946947
3157,0.8643643643643644
3158,0.055055055055055056
3159,0.29479479479479476
3160,0.7797797797797797
3161,0.18818818818818817
3162,0.5240240240240239
3163,0.023023023023023025
3164,0.3038038038038038
3165,0.642142142142142
3166,0.4244244244244244
3167,0.28728728728728725
3168,0.43543543543543545
3169,0.43543543543543545
3170,0.1946946946946947
3171,0.4974974974974975
3172,0.93993993993994
3173,0.4974974974974975
3174,0.013954632598700466
3175,0.4019019019019019
3176,0.06156156156156156
3177,0.4019019019019019
3178,0.7547547547547548
3179,0.4244244244244244
3180,0.511011011011011
3181,0.5240240240240239
3182,0.22122122122122123
3183,0.5755755755755756
3184,0.5240240240240239
3185,0.07757757757757758
3186,0.6166166166166166
3187,0.5755755755755756
3188,0.5755755755755756
3189,0.48448448448448445
3190,0.8238238238238238
3191,0.7682682682682682
3192,0.5755755755755756
3193,0.35035035035035034
3194,0.007888896681090692
3195,0.9514514514514514
3196,0.6036036036036037
3197,0.4129129129129129
3198,0.04704704704704705
3199,0.6301301301301301
3200,0.43543543543543545
3201,0.5625625625625625
3202,0.5755755755755756
3203,0.28728728728728725
3204,0.35035035035035034
3205,0.3908908908908909
3206,0.5755755755755756
3207,0.9099099099099099
3208,0.48448448448448445
3209,0.32182182182182184
3210,0.4244244244244244
3211,0.057057057057057055
3212,0.9794794794794794
3213,0.3908908908908909
3214,0.8643643643643644
3215,0.5240240240240239
3216,0.3408408408408409
3217,0.009286630380380401
3218,0.8443443443443444
3219,0.6166166166166166
3220,0.037037037037037035
3221,0.22772772772772773
3222,0.45995995995996
3223,0.7682682682682682
3224,0.9829829829829829
3225,0.9454454454454454
3226,0.9159159159159158
3227,0.9284284284284284
3228,0.0905905905905906
3229,0.55005005005005
3230,0.014947683109118138
3231,0.43543543543543545
3232,0.041541541541541535
3233,0.8238238238238238
3234,0.16616616616616614
3235,0.32182182182182184
3236,0.24674674674674674
3237,0.7547547547547548
3238,0.17617617617617617
3239,0.24074074074074073
3240,0.3323323323323323
3241,0.5625625625625625
3242,0.6921921921921922
3243,0.43543543543543545
3244,0.47197197197197194
3245,0.3323323323323323
3246,0.7682682682682682
3247,0.09759759759759759
3248,0.15565565565565564
3249,0.537037037037037
3250,0.2792792792792793
3251,0.6301301301301301
3252,0.20770770770770772
3253,0.6036036036036037
3254,0.8643643643643644
3255,0.32182182182182184
3256,0.5900900900900901
3257,0.32182182182182184
3258,0.7912912912912913
3259,0.9344344344344344
3260,0.6166166166166166
3261,0.08058058058058058
3262,0.9584584584584585
3263,0.537037037037037
3264,0.93993993993994
3265,0.057057057057057055
3266,0.9774774774774775
3267,0.3323323323323323
3268,0.44794794794794796
3269,0.7287287287287287
3270,0.1946946946946947
3271,0.7682682682682682
3272,0.2017017017017017
3273,0.6166166166166166
3274,0.11911911911911913
3275,0.06856856856856856
3276,0.43543543543543545
3277,0.2627627627627628
3278,0.537037037037037
3279,0.1946946946946947
3280,0.18818818818818817
3281,0.03903903903903904
3282,0.11011011011011011
3283,0.9554554554554555
3284,0.9814814814814814
3285,0.8808808808808809
3286,0.7682682682682682
3287,0.45995995995996
3288,0.2627627627627628
3289,0.4974974974974975
3290,0.48448448448448445
3291,0.18818818818818817
3292,0.5755755755755756
3293,0.5625625625625625
3294,0.9159159159159158
3295,0.35985985985985985
3296,0.02047096601552072
3297,0.22122122122122123
3298,0.3408408408408409
3299,0.991991991991992
3300,0.03553553553553554
3301,0.9284284284284284
3302,0.4244244244244244
3303,0.7412412412412412
3304,0.3408408408408409
3305,0.4974974974974975
3306,0.4019019019019019
3307,0.8343343343343343
3308,0.8133133133133132
3309,0.8893893893893894
3310,0.537037037037037
3311,0.3038038038038038
3312,0.5755755755755756
3313,0.43543543543543545
3314,0.44794794794794796
3315,0.8033033033033032
3316,0.4129129129129129
3317,0.3908908908908909
3318,0.9284284284284284
3319,0.9344344344344344
3320,0.22122122122122123
3321,0.7912912912912913
3322,0.93993993993994
3323,0.35035035035035034
3324,0.511011011011011
3325,0.9219219219219219
3326,0.6676676676676676
3327,0.8968968968968969
3328,0.24674674674674674
3329,0.06356356356356356
3330,0.3698698698698699
3331,0.43543543543543545
3332,0.13363363363363362
3333,0.4129129129129129
3334,0.3793793793793794
3335,0.6801801801801801
3336,0.7912912912912913
3337,0.5625625625625625
3338,0.8033033033033032
3339,0.29479479479479476
3340,0.511011011011011
3341,0.9554554554554555
3342,0.4019019019019019
3343,0.3698698698698699
3344,0.28728728728728725
3345,0.3408408408408409
3346,0.8643643643643644
3347,0.11011011011011011
3348,0.45995995995996
3349,0.9344344344344344
3350,0.22122122122122123
3351,0.3908908908908909
3352,0.28728728728728725
3353,0.14564564564564564
3354,0.17617617617617617
3355,0.44794794794794796
3356,0.09759759759759759
3357,0.985985985985986
3358,0.35035035035035034
3359,0.5900900900900901
3360,0.8343343343343343
3361,0.5900900900900901
3362,0.4974974974974975
3363,0.6166166166166166
3364,0.11461461461461461
3365,0.3323323323323323
3366,0.9584584584584585
3367,0.537037037037037
3368,0.0905905905905906
3369,0.0905905905905906
3370,0.24674674674674674
3371,0.8443443443443444
3372,0.511011011011011
3373,0.6166166166166166
3374,0.7052052052052051
3375,0.4244244244244244
3376,0.08358358358358359
3377,0.23423423423423423
3378,0.5900900900900901
3379,0.35985985985985985
3380,0.8133133133133132
3381,0.6166166166166166
3382,0.3038038038038038
3383,0.32182182182182184
3384,0.9284284284284284
3385,0.14564564564564564
3386,0.9514514514514514
3387,0.7167167167167167
3388,0.7287287287287287
3389,0.3128128128128128
3390,0.9159159159159158
3391,0.6676676676676676
3392,0.13963963963963963
3393,0.4019019019019019
3394,0.08058058058058058
3395,0.8133133133133132
3396,0.8968968968968969
3397,0.47197197197197194
3398,0.55005005005005
3399,0.07107107107107108
3400,0.9219219219219219
3401,0.537037037037037
3402,0.3793793793793794
3403,0.0905905905905906
3404,0.6301301301301301
3405,0.55005005005005
3406,0.93993993993994
3407,0.8808808808808809
3408,0.07407407407407407
3409,0.6166166166166166
3410,0.6801801801801801
3411,0.6036036036036037
3412,0.03003003003003003
3413,0.18218218218218218
3414,0.7985415756572575
3415,0.7797797797797797
3416,0.7167167167167167
3417,0.8718718718718719
3418,0.537037037037037
3419,0.3908908908908909
3420,0.32182182182182184
3421,0.642142142142142
3422,0.9159159159159158
3423,0.9829829829829829
3424,0.11911911911911913
3425,0.4974974974974975
3426,0.6166166166166166
3427,0.8033033033033032
3428,0.06156156156156156
3429,0.5755755755755756
3430,0.3323323323323323
3431,0.5755755755755756
3432,0.4129129129129129
3433,0.1946946946946947
3434,0.5240240240240239
3435,0.24074074074074073
3436,0.7167167167167167
3437,0.4244244244244244
3438,0.7287287287287287
3439,0.45995995995996
3440,0.7167167167167167
3441,0.8133133133133132
3442,0.1946946946946947
3443,0.5900900900900901
3444,0.07107107107107108
3445,0.47197197197197194
3446,0.24074074074074073
3447,0.45995995995996
3448,0.47197197197197194
3449,0.5755755755755756
3450,0.13363363363363362
3451,0.6676676676676676
3452,0.2627627627627628
3453,0.7547547547547548
3454,0.43543543543543545
3455,0.06156156156156156
3456,0.8808808808808809
3457,0.3793793793793794
3458,0.537037037037037
3459,0.29479479479479476
3460,0.6676676676676676
3461,0.06606606606606608
3462,0.20770770770770772
3463,0.6801801801801801
3464,0.7547547547547548
3465,0.9159159159159158
3466,0.3698698698698699
3467,0.35035035035035034
3468,0.09759759759759759
3469,0.8443443443443444
3470,0.3038038038038038
3471,0.537037037037037
3472,0.537037037037037
3473,0.4019019019019019
3474,0.8443443443443444
3475,0.5755755755755756
3476,0.3323323323323323
3477,0.7287287287287287
3478,0.2707707707707707
3479,0.2017017017017017
3480,0.5625625625625625
3481,0.08058058058058058
3482,0.2627627627627628
3483,0.642142142142142
3484,0.9219219219219219
3485,0.041541541541541535
3486,0.21421421421421422
3487,0.22122122122122123
3488,0.2627627627627628
3489,0.3323323323323323
3490,0.9619619619619619
3491,0.8133133133133132
3492,0.5900900900900901
3493,0.7052052052052051
3494,0.05905905905905906
3495,0.11011011011011011
3496,0.6921921921921922
3497,0.35985985985985985
3498,0.11911911911911913
3499,0.3793793793793794
3500,0.2017017017017017
3501,0.55005005005005
3502,0.07107107107107108
3503,0.2792792792792793
3504,0.8238238238238238
3505,0.4974974974974975
3506,0.3408408408408409
3507,0.6676676676676676
3508,0.6801801801801801
3509,0.537037037037037
3510,0.11461461461461461
3511,0.11461461461461461
3512,0.17617617617617617
3513,0.7167167167167167
3514,0.07107107107107108
3515,0.3793793793793794
3516,0.8343343343343343
3517,0.9814814814814814
3518,0.35035035035035034
3519,0.4019019019019019
3520,0.09759759759759759
3521,0.7547547547547548
3522,0.17617617617617617
3523,0.43543543543543545
3524,0.2542542542542543
3525,0.24674674674674674
3526,0.6801801801801801
3527,0.47197197197197194
3528,0.3323323323323323
3529,0.15565565565565564
3530,0.8443443443443444
3531,0.7912912912912913
3532,0.24674674674674674
3533,0.8238238238238238
3534,0.3408408408408409
3535,0.6036036036036037
3536,0.15565565565565564
3537,0.3038038038038038
3538,0.7052052052052051
3539,0.08358358358358359
3540,0.4974974974974975
3541,0.7412412412412412
3542,0.44794794794794796
3543,0.9219219219219219
3544,0.24074074074074073
3545,0.8808808808808809
3546,0.07407407407407407
3547,0.3323323323323323
3548,0.8808808808808809
3549,0.7412412412412412
3550,0.15065065065065064
3551,0.47197197197197194
3552,0.9619619619619619
3553,0.7547547547547548
3554,0.48448448448448445
3555,0.6301301301301301
3556,0.6036036036036037
3557,0.29479479479479476
3558,0.8343343343343343
3559,0.17117117117117117
3560,0.2707707707707707
3561,0.5240240240240239
3562,0.8443443443443444
3563,0.3408408408408409
3564,0.3128128128128128
3565,0.5240240240240239
3566,0.47197197197197194
3567,0.642142142142142
3568,0.023023023023023025
3569,0.3323323323323323
3570,0.4244244244244244
3571,0.35035035035035034
3572,0.537037037037037
3573,0.05105105105105105
3574,0.8443443443443444
3575,0.16116116116116114
3576,0.47197197197197194
3577,0.48448448448448445
3578,0.511011011011011
3579,0.04475629475629479
3580,0.3128128128128128
3581,0.2542542542542543
3582,0.45995995995996
3583,0.06156156156156156
3584,0.48448448448448445
3585,0.3908908908908909
3586,0.24074074074074073
3587,0.6801801801801801
3588,0.6546546546546547
3589,0.29479479479479476
3590,0.3323323323323323
3591,0.6301301301301301
3592,0.8133133133133132
3593,0.511011011011011
3594,0.55005005005005
3595,0.057057057057057055
3596,0.6676676676676676
3597,0.7682682682682682
3598,0.7052052052052051
3599,0.02252252252252252
3600,0.7682682682682682
3601,0.8443443443443444
3602,0.6921921921921922
3603,0.08058058058058058
3604,0.8553553553553553
3605,0.7287287287287287
3606,0.8033033033033032
3607,0.09409409409409408
3608,0.6921921921921922
3609,0.511011011011011
3610,0.2707707707707707
3611,0.16116116116116114
3612,0.007888896681090692
3613,0.537037037037037
3614,0.20770770770770772
3615,0.3793793793793794
3616,0.7912912912912913
3617,0.3793793793793794
3618,0.7052052052052051
3619,0.3793793793793794
3620,0.6166166166166166
3621,0.43543543543543545
3622,0.6301301301301301
3623,0.7412412412412412
3624,0.9554554554554555
3625,0.9844844844844844
3626,0.9219219219219219
3627,0.3038038038038038
3628,0.012241408074741278
3629,0.8343343343343343
3630,0.511011011011011
3631,0.1946946946946947
3632,0.7682682682682682
3633,0.8808808808808809
3634,0.5755755755755756
3635,0.9039039039039038
3636,0.45995995995996
3637,0.15565565565565564
3638,0.3793793793793794
3639,0.7412412412412412
3640,0.6301301301301301
3641,0.3038038038038038
3642,0.4019019019019019
3643,0.93993993993994
3644,0.9219219219219219
3645,0.2792792792792793
3646,0.5900900900900901
3647,0.9344344344344344
3648,0.2542542542542543
3649,0.4244244244244244
3650,0.7052052052052051
3651,0.3128128128128128
3652,0.7287287287287287
3653,0.32182182182182184
3654,0.06606606606606608
3655,0.9829829829829829
3656,0.7797797797797797
3657,0.48448448448448445
3658,0.17617617617617617
3659,0.17117117117117117
3660,0.11461461461461461
3661,0.4019019019019019
3662,0.4244244244244244
3663,0.45995995995996
3664,0.23423423423423423
3665,0.24674674674674674
3666,0.6801801801801801
3667,0.9714714714714714
3668,0.47197197197197194
3669,0.43543543543543545
3670,0.32182182182182184
3671,0.8238238238238238
3672,0.43543543543543545
3673,0.8808808808808809
3674,0.8553553553553553
3675,0.3323323323323323
3676,0.1946946946946947
3677,0.9454454454454454
3678,0.22122122122122123
3679,0.6166166166166166
3680,0.7797797797797797
3681,0.537037037037037
3682,0.32182182182182184
3683,0.8343343343343343
3684,0.0905905905905906
3685,0.511011011011011
3686,0.14564564564564564
3687,0.8343343343343343
3688,0.7052052052052051
3689,0.16116116116116114
3690,0.7547547547547548
3691,0.6036036036036037
3692,0.7167167167167167
3693,0.16616616616616614
3694,0.2707707707707707
3695,0.0905905905905906
3696,0.1946946946946947
3697,0.5900900900900901
3698,0.9454454454454454
3699,0.964964964964965
3700,0.35035035035035034
3701,0.18818818818818817
3702,0.7287287287287287
3703,0.3323323323323323
3704,0.35035035035035034
3705,0.011735330836454595
3706,0.35985985985985985
3707,0.17117117117117117
3708,0.8033033033033032
3709,0.511011011011011
3710,0.7797797797797797
3711,0.8808808808808809
3712,0.537037037037037
3713,0.4974974974974975
3714,0.22122122122122123
3715,0.35035035035035034
3716,0.5240240240240239
3717,0.06156156156156156
3718,0.48448448448448445
3719,0.6676676676676676
3720,0.2707707707707707
3721,0.12262262262262263
3722,0.32182182182182184
3723,0.974974974974975
3724,0.9814814814814814
3725,0.6676676676676676
3726,0.03203203203203203
3727,0.8968968968968969
3728,0.4019019019019019
3729,0.2542542542542543
3730,0.7797797797797797
3731,0.3698698698698699
3732,0.6676676676676676
3733,0.45995995995996
3734,0.16616616616616614
3735,0.43543543543543545
3736,0.14564564564564564
3737,0.04704704704704705
3738,0.6166166166166166
3739,0.8968968968968969
3740,0.642142142142142
3741,0.7797797797797797
3742,0.23423423423423423
3743,0.5900900900900901
3744,0.8553553553553553
3745,0.8443443443443444
3746,0.4019019019019019
3747,0.8643643643643644
3748,0.967967967967968
3749,0.13963963963963963
3750,0.18218218218218218
3751,0.17117117117117117
3752,0.10560560560560561
3753,0.5240240240240239
3754,0.10560560560560561
3755,0.55005005005005
3756,0.09759759759759759
3757,0.967967967967968
3758,0.07757757757757758
3759,0.3128128128128128
3760,0.93993993993994
3761,0.964964964964965
3762,0.8893893893893894
3763,0.07757757757757758
3764,0.055055055055055056
3765,0.6301301301301301
3766,0.3793793793793794
3767,0.8033033033033032
3768,0.3323323323323323
3769,0.24074074074074073
3770,0.6801801801801801
3771,0.012241408074741278
3772,0.7547547547547548
3773,0.4019019019019019
3774,0.3908908908908909
3775,0.18218218218218218
3776,0.6546546546546547
3777,0.5240240240240239
3778,0.4244244244244244
3779,0.17617617617617617
3780,0.24674674674674674
3781,0.5240240240240239
3782,0.6921921921921922
3783,0.4244244244244244
3784,0.45995995995996
3785,0.5240240240240239
3786,0.11911911911911913
3787,0.8238238238238238
3788,0.4129129129129129
3789,0.43543543543543545
3790,0.6921921921921922
3791,0.10160160160160159
3792,0.7682682682682682
3793,0.3908908908908909
3794,0.04475629475629479
3795,0.3793793793793794
3796,0.990990990990991
3797,0.642142142142142
3798,0.47197197197197194
3799,0.4244244244244244
3800,0.7912912912912913
3801,0.18218218218218218
3802,0.35035035035035034
3803,0.055055055055055056
3804,0.8443443443443444
3805,0.22122122122122123
3806,0.16616616616616614
3807,0.8238238238238238
3808,0.35985985985985985
3809,0.4974974974974975
3810,0.4019019019019019
3811,0.8033033033033032
3812,0.47197197197197194
3813,0.8643643643643644
3814,0.8718718718718719
3815,0.8968968968968969
3816,0.44794794794794796
3817,0.8133133133133132
3818,0.6166166166166166
3819,0.11461461461461461
3820,0.7547547547547548
3821,0.12762762762762764
3822,0.12262262262262263
3823,0.2542542542542543
3824,0.23423423423423423
3825,0.3323323323323323
3826,0.9971970907643419
3827,0.7547547547547548
3828,0.22772772772772773
3829,0.45995995995996
3830,0.3038038038038038
3831,0.45995995995996
3832,0.2017017017017017
3833,0.3908908908908909
3834,0.7682682682682682
3835,0.5625625625625625
3836,0.5900900900900901
3837,0.4019019019019019
3838,0.6546546546546547
3839,0.5240240240240239
3840,0.988988988988989
3841,0.45995995995996
3842,0.5625625625625625
3843,0.7912912912912913
3844,0.8968968968968969
3845,0.24674674674674674
3846,0.8133133133133132
3847,0.4129129129129129
3848,0.8133133133133132
3849,0.537037037037037
3850,0.35985985985985985
3851,0.4244244244244244
3852,0.005947521344900753
3853,0.537037037037037
3854,0.4019019019019019
3855,0.7912912912912913
3856,0.55005005005005
3857,0.06356356356356356
3858,0.6166166166166166
3859,0.5240240240240239
3860,0.06356356356356356
3861,0.7682682682682682
3862,0.9159159159159158
3863,0.5625625625625625
3864,0.8343343343343343
3865,0.8443443443443444
3866,0.04704704704704705
3867,0.8343343343343343
3868,0.642142142142142
3869,0.7682682682682682
3870,0.6546546546546547
3871,0.9829829829829829
3872,0.2792792792792793
3873,0.2707707707707707
3874,0.004991761904406908
3875,0.8643643643643644
3876,0.6036036036036037
3877,0.20770770770770772
3878,0.09759759759759759
3879,0.43543543543543545
3880,0.018474356709650953
3881,0.6301301301301301
3882,0.3698698698698699
3883,0.23423423423423423
3884,0.5625625625625625
3885,0.24074074074074073
3886,0.7682682682682682
3887,0.8808808808808809
3888,0.2017017017017017
3889,0.17617617617617617
3890,0.8443443443443444
3891,0.3408408408408409
3892,0.9514514514514514
3893,0.7052052052052051
3894,0.3408408408408409
3895,0.6676676676676676
3896,0.6921921921921922
3897,0.8443443443443444
3898,0.7052052052052051
3899,0.6166166166166166
3900,0.8238238238238238
3901,0.005435011025215296
3902,0.12762762762762764
3903,0.6546546546546547
3904,0.7167167167167167
3905,0.35035035035035034
3906,0.2542542542542543
3907,0.98998998998999
3908,0.43543543543543545
3909,0.028028028028028028
3910,0.7052052052052051
3911,0.9099099099099099
3912,0.7682682682682682
3913,0.7167167167167167
3914,0.47197197197197194
3915,0.9284284284284284
3916,0.3793793793793794
3917,0.6546546546546547
3918,0.11011011011011011
3919,0.8968968968968969
3920,0.017017017017017015
3921,0.6301301301301301
3922,0.8033033033033032
3923,0.9766480994551179
3924,0.041541541541541535
3925,0.48448448448448445
3926,0.0005854324559784565
3927,0.11011011011011011
3928,0.09759759759759759
3929,0.20770770770770772
3930,0.98998998998999
3931,0.7547547547547548
3932,0.5625625625625625
3933,0.9619619619619619
3934,0.9844844844844844
3935,0.6546546546546547
3936,0.06156156156156156
3937,0.8553553553553553
3938,0.7547547547547548
3939,0.6801801801801801
3940,0.2017017017017017
3941,0.3908908908908909
3942,0.6546546546546547
3943,0.7547547547547548
3944,0.8718718718718719
3945,0.045634920634920605
3946,0.5240240240240239
3947,0.5755755755755756
3948,0.5625625625625625
3949,0.3908908908908909
3950,0.93993993993994
3951,0.9975294273539889
3952,0.3698698698698699
3953,0.24074074074074073
3954,0.4974974974974975
3955,0.6921921921921922
3956,0.11011011011011011
3957,0.44794794794794796
3958,0.6921921921921922
3959,0.7547547547547548
3960,0.8718718718718719
3961,0.22122122122122123
3962,0.7912912912912913
3963,0.8443443443443444
3964,0.44794794794794796
3965,0.2542542542542543
3966,0.5755755755755756
3967,0.03353353353353353
3968,0.6921921921921922
3969,0.45995995995996
3970,0.8033033033033032
3971,0.8033033033033032
3972,0.22122122122122123
3973,0.9454454454454454
3974,0.06156156156156156
3975,0.45995995995996
3976,0.21421421421421422
3977,0.18218218218218218
3978,0.6801801801801801
3979,0.22122122122122123
3980,0.18818818818818817
3981,0.3323323323323323
3982,0.7682682682682682
3983,0.45995995995996
3984,0.9554554554554555
3985,0.45995995995996
3986,0.9916232021495183
3987,0.7052052052052051
3988,0.4129129129129129
3989,0.4244244244244244
3990,0.511011011011011
3991,0.1946946946946947
3992,0.3793793793793794
3993,0.8343343343343343
3994,0.15065065065065064
3995,0.13963963963963963
3996,0.6676676676676676
3997,0.13963963963963963
3998,0.6676676676676676
3999,0.9284284284284284
4000,0.7052052052052051
4001,0.8643643643643644
4002,0.4974974974974975
4003,0.3908908908908909
4004,0.14564564564564564
4005,0.7287287287287287
4006,0.07107107107107108
4007,0.964964964964965
4008,0.04354354354354355
4009,0.3323323323323323
4010,0.9099099099099099
4011,0.45995995995996
4012,0.4019019019019019
4013,0.4019019019019019
4014,0.3908908908908909
4015,0.29479479479479476
4016,0.47197197197197194
4017,0.8343343343343343
4018,0.9344344344344344
4019,0.4244244244244244
4020,0.93993993993994
4021,0.055055055055055056
4022,0.55005005005005
4023,0.7052052052052051
4024,0.6921921921921922
4025,0.16116116116116114
4026,0.7797797797797797
4027,0.3698698698698699
4028,0.7547547547547548
4029,0.12262262262262263
4030,0.24674674674674674
4031,0.43543543543543545
4032,0.0031352144620105434
4033,0.24674674674674674
4034,0.8643643643643644
4035,0.7167167167167167
4036,0.8343343343343343
4037,0.23423423423423423
4038,0.17117117117117117
4039,0.4129129129129129
4040,0.6166166166166166
4041,0.7682682682682682
4042,0.4019019019019019
4043,0.8553553553553553
4044,0.8643643643643644
4045,0.48448448448448445
4046,0.47197197197197194
4047,0.3698698698698699
4048,0.5240240240240239
4049,0.9219219219219219
4050,0.511011011011011
4051,0.3323323323323323
4052,0.8033033033033032
4053,0.5240240240240239
4054,0.6301301301301301
4055,0.4129129129129129
4056,0.28728728728728725
4057,0.7682682682682682
4058,0.5900900900900901
4059,0.55005005005005
4060,0.8553553553553553
4061,0.08358358358358359
4062,0.7412412412412412
4063,0.13963963963963963
4064,0.22122122122122123
4065,0.7167167167167167
4066,0.9619619619619619
4067,0.28728728728728725
4068,0.3793793793793794
4069,0.98998998998999
4070,0.642142142142142
4071,0.5240240240240239
4072,0.031031031031031032
4073,0.6301301301301301
4074,0.053553553553553554
4075,0.8718718718718719
4076,0.32182182182182184
4077,0.7682682682682682
4078,0.001425480319580541
4079,0.5755755755755756
4080,0.93993993993994
4081,0.24074074074074073
4082,0.8238238238238238
4083,0.4019019019019019
4084,0.2542542542542543
4085,0.3323323323323323
4086,0.3323323323323323
4087,0.06156156156156156
4088,0.04704704704704705
4089,0.7547547547547548
4090,0.511011011011011
4091,0.8443443443443444
4092,0.08058058058058058
4093,0.23423423423423423
4094,0.537037037037037
4095,0.4019019019019019
4096,0.6546546546546547
4097,0.7547547547547548
4098,0.05105105105105105
4099,0.8033033033033032
4100,0.10160160160160159
4101,0.02852852852852877
4102,0.2707707707707707
4103,0.8808808808808809
4104,0.24674674674674674
4105,0.6166166166166166
4106,0.35985985985985985
4107,0.5240240240240239
4108,0.6546546546546547
4109,0.03453453453453405
4110,0.511011011011011
4111,0.3408408408408409
4112,0.8033033033033032
4113,0.15065065065065064
4114,0.2542542542542543
4115,0.35985985985985985
4116,0.45995995995996
4117,0.29479479479479476
4118,0.13363363363363362
4119,0.14564564564564564
4120,0.4974974974974975
4121,0.08358358358358359
4122,0.17617617617617617
4123,0.537037037037037
4124,0.5625625625625625
4125,0.1946946946946947
4126,0.24074074074074073
4127,0.32182182182182184
4128,0.001674442800090789
4129,0.3908908908908909
4130,0.7912912912912913
4131,0.55005005005005
4132,0.44794794794794796
4133,0.6301301301301301
4134,0.55005005005005
4135,0.6166166166166166
4136,0.3793793793793794
4137,0.2707707707707707
4138,0.3323323323323323
4139,0.09759759759759759
4140,0.00426886400217672
4141,0.5240240240240239
4142,0.2542542542542543
4143,0.7412412412412412
4144,0.03453453453453405
4145,0.48448448448448445
4146,0.7682682682682682
4147,0.3908908908908909
4148,0.22122122122122123
4149,0.0905905905905906
4150,0.511011011011011
4151,0.17117117117117117
4152,0.3038038038038038
4153,0.6546546546546547
4154,0.23423423423423423
4155,0.5900900900900901
4156,0.5755755755755756
4157,0.1946946946946947
4158,0.8808808808808809
4159,0.006749642811418227
4160,0.6301301301301301
4161,0.8238238238238238
4162,0.20770770770770772
4163,0.45995995995996
4164,0.9454454454454454
4165,0.4019019019019019
4166,0.967967967967968
4167,0.537037037037037
4168,0.4974974974974975
4169,0.7412412412412412
4170,0.06606606606606608
4171,0.03353353353353353
4172,0.9584584584584585
4173,0.08358358358358359
4174,0.8893893893893894
4175,0.17617617617617617
4176,0.7052052052052051
4177,0.511011011011011
4178,0.009720658158158167
4179,0.24674674674674674
4180,0.2017017017017017
4181,0.511011011011011
4182,0.3793793793793794
4183,0.45995995995996
4184,0.20770770770770772
4185,0.6166166166166166
4186,0.7797797797797797
4187,0.06356356356356356
4188,0.8443443443443444
4189,0.48448448448448445
4190,0.642142142142142
4191,0.17617617617617617
4192,0.6036036036036037
4193,0.6921921921921922
4194,0.29479479479479476
4195,0.6166166166166166
4196,0.8343343343343343
4197,0.5900900900900901
4198,0.23423423423423423
4199,0.20770770770770772
4200,0.55005005005005
4201,0.7547547547547548
4202,0.9736490876841761
4203,0.4019019019019019
4204,0.6921921921921922
4205,0.9159159159159158
4206,0.6166166166166166
4207,0.8443443443443444
4208,0.6676676676676676
4209,0.29479479479479476
4210,0.17617617617617617
4211,0.16616616616616614
4212,0.16616616616616614
4213,0.045634920634920605
4214,0.997997997997998
4215,0.996996996996997
4216,0.9554554554554555
4217,0.5625625625625625
4218,0.3323323323323323
4219,0.6166166166166166
4220,0.47197197197197194
4221,0.20770770770770772
4222,0.5240240240240239
4223,0.5755755755755756
4224,0.12262262262262263
4225,0.03553553553553554
4226,0.93993993993994
4227,0.1946946946946947
4228,0.537037037037037
4229,0.93993993993994
4230,0.45995995995996
4231,0.4129129129129129
4232,0.041541541541541535
4233,0.9948096789801566
4234,0.3908908908908909
4235,0.12762762762762764
4236,0.3698698698698699
4237,0.04704704704704705
4238,0.07757757757757758
4239,0.0905905905905906
4240,0.8443443443443444
4241,0.23423423423423423
4242,0.6921921921921922
4243,0.3793793793793794
4244,0.35035035035035034
4245,0.22122122122122123
4246,0.6546546546546547
4247,0.18818818818818817
4248,0.642142142142142
4249,0.8443443443443444
4250,0.21421421421421422
4251,0.5900900900900901
4252,0.29479479479479476
4253,0.5625625625625625
4254,0.7167167167167167
4255,0.3908908908908909
4256,0.22772772772772773
4257,0.22122122122122123
4258,0.22772772772772773
4259,0.01348382280585651
4260,0.9159159159159158
4261,0.9936172216873971
4262,0.5755755755755756
4263,0.8643643643643644
4264,0.7412412412412412
4265,0.23423423423423423
4266,0.8033033033033032
4267,0.43543543543543545
4268,0.8033033033033032
4269,0.16116116116116114
4270,0.15565565565565564
4271,0.35035035035035034
4272,0.6921921921921922
4273,0.11911911911911913
4274,0.3793793793793794
4275,0.9316469579627471
4276,0.48448448448448445
4277,0.18218218218218218
4278,0.6166166166166166
4279,0.3908908908908909
4280,0.537037037037037
4281,0.7287287287287287
4282,0.9619619619619619
4283,0.8968968968968969
4284,0.55005005005005
4285,0.9219219219219219
4286,0.028028028028028028
4287,0.7682682682682682
4288,0.6546546546546547
4289,0.6921921921921922
4290,0.47197197197197194
4291,0.03003003003003003
4292,0.6166166166166166
4293,0.7682682682682682
4294,0.5625625625625625
4295,0.14564564564564564
4296,0.35035035035035034
4297,0.06856856856856856
4298,0.5240240240240239
4299,0.11011011011011011
4300,0.5625625625625625
4301,0.5625625625625625
4302,0.2792792792792793
4303,0.9584584584584585
4304,0.8033033033033032
4305,0.0905905905905906
4306,0.13963963963963963
4307,0.9619619619619619
4308,0.8968968968968969
4309,0.6036036036036037
4310,0.7797797797797797
4311,0.14564564564564564
4312,0.24074074074074073
4313,0.9953877323800875
4314,0.2542542542542543
4315,0.4974974974974975
4316,0.9099099099099099
4317,0.4129129129129129
4318,0.09409409409409408
4319,0.14564564564564564
4320,0.22122122122122123
4321,0.35035035035035034
4322,0.8643643643643644
4323,0.7287287287287287
4324,0.23423423423423423
4325,0.8238238238238238
4326,0.3038038038038038
4327,0.28728728728728725
4328,0.17617617617617617
4329,0.47197197197197194
4330,0.5755755755755756
4331,0.9814814814814814
4332,0.7912912912912913
4333,0.08358358358358359
4334,0.7912912912912913
4335,0.6546546546546547
4336,0.7412412412412412
4337,0.7797797797797797
4338,0.06356356356356356
4339,0.14564564564564564
4340,0.4129129129129129
4341,0.6676676676676676
4342,0.8133133133133132
4343,0.3038038038038038
4344,0.28728728728728725
4345,0.07757757757757758
4346,0.9039039039039038
4347,0.9714714714714714
4348,0.17617617617617617
4349,0.642142142142142
4350,0.5900900900900901
4351,0.4974974974974975
4352,0.44794794794794796
4353,0.7052052052052051
4354,0.4974974974974975
4355,0.15565565565565564
4356,0.7547547547547548
4357,0.3908908908908909
4358,0.12762762762762764
4359,0.55005005005005
4360,0.029029029029029027
4361,0.6921921921921922
4362,0.8968968968968969
4363,0.9814814814814814
4364,0.5900900900900901
4365,0.5900900900900901
4366,0.45995995995996
4367,0.44794794794794796
4368,0.16616616616616614
4369,0.21421421421421422
4370,0.6546546546546547
4371,0.44794794794794796
4372,0.7547547547547548
4373,0.642142142142142
4374,0.5900900900900901
4375,0.11461461461461461
4376,0.6921921921921922
4377,0.0870870870870871
4378,0.43543543543543545
4379,0.537037037037037
4380,0.4974974974974975
4381,0.6301301301301301
4382,0.985985985985986
4383,0.7287287287287287
4384,0.6546546546546547
4385,0.00725363627086525
4386,0.20770770770770772
4387,0.041541541541541535
4388,0.7287287287287287
4389,0.03203203203203203
4390,0.045634920634920605
4391,0.48448448448448445
4392,0.22122122122122123
4393,0.7682682682682682
4394,0.15065065065065064
4395,0.8133133133133132
4396,0.16116116116116114
4397,0.18818818818818817
4398,0.24074074074074073
4399,0.14564564564564564
4400,0.8238238238238238
4401,0.0017166398306857453
4402,0.6166166166166166
4403,0.35985985985985985
4404,0.023023023023023025
4405,0.16116116116116114
4406,0.44794794794794796
4407,0.23423423423423423
4408,0.8553553553553553
4409,0.8893893893893894
4410,0.24674674674674674
4411,0.09759759759759759
4412,0.9099099099099099
4413,0.6036036036036037
4414,0.5755755755755756
4415,0.6036036036036037
4416,0.18818818818818817
4417,0.1946946946946947
4418,0.055055055055055056
4419,0.16616616616616614
4420,0.24674674674674674
4421,0.964964964964965
4422,0.3408408408408409
4423,0.9814814814814814
4424,0.08358358358358359
4425,0.9159159159159158
4426,0.8808808808808809
4427,0.8553553553553553
4428,0.2627627627627628
4429,0.7167167167167167
4430,0.5625625625625625
4431,0.4244244244244244
4432,0.8893893893893894
4433,0.8033033033033032
4434,0.057057057057057055
4435,0.2792792792792793
4436,0.6036036036036037
4437,0.8808808808808809
4438,0.21421421421421422
4439,0.47197197197197194
4440,0.5900900900900901
4441,0.8033033033033032
4442,0.7287287287287287
4443,0.03903903903903904
4444,0.4974974974974975
4445,0.8185897220984943
4446,0.5755755755755756
4447,0.13963963963963963
4448,0.04704704704704705
4449,0.4129129129129129
4450,0.642142142142142
4451,0.23423423423423423
4452,0.7682682682682682
4453,0.48448448448448445
4454,0.3908908908908909
4455,0.9584584584584585
4456,0.511011011011011
4457,0.3793793793793794
4458,0.7912912912912913
4459,0.15565565565565564
4460,0.7682682682682682
4461,0.93993993993994
4462,0.8718718718718719
4463,0.537037037037037
4464,0.8718718718718719
4465,0.3128128128128128
4466,0.8238238238238238
4467,0.09409409409409408
4468,0.22772772772772773
4469,0.6301301301301301
4470,0.8808808808808809
4471,0.9991292100684955
4472,0.6801801801801801
4473,0.5755755755755756
4474,0.8133133133133132
4475,0.43543543543543545
4476,0.7682682682682682
4477,0.3698698698698699
4478,0.13363363363363362
4479,0.045634920634920605
4480,0.03553553553553554
4481,0.2792792792792793
4482,0.9514514514514514
4483,0.7287287287287287
4484,0.07107107107107108
4485,0.6036036036036037
4486,0.05105105105105105
4487,0.06156156156156156
4488,0.3128128128128128
4489,0.014947683109118138
4490,0.8718718718718719
4491,0.037037037037037035
4492,0.642142142142142
4493,0.8238238238238238
4494,0.7287287287287287
4495,0.045634920634920605
4496,0.537037037037037
4497,0.6166166166166166
4498,0.35035035035035034
4499,0.06156156156156156
4500,0.9344344344344344
4501,0.4129129129129129
4502,0.3408408408408409
4503,0.6166166166166166
4504,0.4129129129129129
4505,0.43543543543543545
4506,0.6166166166166166
4507,0.12262262262262263
4508,0.13963963963963963
4509,0.6676676676676676
4510,0.9039039039039038
4511,0.03553553553553554
4512,0.6921921921921922
4513,0.16616616616616614
4514,0.5755755755755756
4515,0.3128128128128128
4516,0.9514514514514514
4517,0.9584584584584585
4518,0.6546546546546547
4519,0.24674674674674674
4520,0.4129129129129129
4521,0.8643643643643644
4522,0.8133133133133132
4523,0.6676676676676676
4524,0.43543543543543545
4525,0.48448448448448445
4526,0.055055055055055056
4527,0.6036036036036037
4528,0.44794794794794796
4529,0.21421421421421422
4530,0.5900900900900901
4531,0.11461461461461461
4532,0.7412412412412412
4533,0.3128128128128128
4534,0.22122122122122123
4535,0.38529598178721036
4536,0.15065065065065064
4537,0.0027558815622418303
4538,0.7547547547547548
4539,0.6036036036036037
4540,0.5240240240240239
4541,0.06606606606606608
4542,0.07757757757757758
4543,0.08358358358358359
4544,0.7287287287287287
4545,0.7167167167167167
4546,0.7412412412412412
4547,0.9554554554554555
4548,0.014947683109118138
4549,0.7547547547547548
4550,0.537037037037037
4551,0.8238238238238238
4552,0.7682682682682682
4553,0.3128128128128128
4554,0.22772772772772773
4555,0.47197197197197194
4556,0.3038038038038038
4557,0.6036036036036037
4558,0.6801801801801801
4559,0.511011011011011
4560,0.007849192905451639
4561,0.5625625625625625
4562,0.14564564564564564
4563,0.06356356356356356
4564,0.6865014935190384
4565,0.012498609720831774
4566,0.8343343343343343
4567,0.9039039039039038
4568,0.44794794794794796
4569,0.7287287287287287
4570,0.05905905905905906
4571,0.7547547547547548
4572,0.4129129129129129
4573,0.2792792792792793
4574,0.48448448448448445
4575,0.4129129129129129
4576,0.3698698698698699
4577,0.7797797797797797
4578,0.3698698698698699
4579,0.7167167167167167
4580,0.48448448448448445
4581,0.4244244244244244
4582,0.8133133133133132
4583,0.0870870870870871
4584,0.7682682682682682
4585,0.8343343343343343
4586,0.12762762762762764
4587,0.7412412412412412
4588,0.9159159159159158
4589,0.17117117117117117
4590,0.23423423423423423
4591,0.07407407407407407
4592,0.35985985985985985
4593,0.6676676676676676
4594,0.03553553553553554
4595,0.22122122122122123
4596,0.642142142142142
4597,0.6921921921921922
4598,0.7547547547547548
4599,0.0870870870870871
4600,0.17117117117117117
4601,0.44794794794794796
4602,0.0011786276906000429
4603,0.32182182182182184
4604,0.3793793793793794
4605,0.7167167167167167
4606,0.2542542542542543
4607,0.9039039039039038
4608,0.06156156156156156
4609,0.3408408408408409
4610,0.3038038038038038
4611,0.5900900900900901
4612,0.8033033033033032
4613,0.24074074074074073
4614,0.8133133133133132
4615,0.12762762762762764
4616,0.16616616616616614
4617,0.29479479479479476
4618,0.93993993993994
4619,0.3408408408408409
4620,0.47197197197197194
4621,0.16116116116116114
4622,0.14564564564564564
4623,0.35035035035035034
4624,0.06356356356356356
4625,0.32182182182182184
4626,0.93993993993994
4627,0.5240240240240239
4628,0.537037037037037
4629,0.10160160160160159
4630,0.511011011011011
4631,0.44794794794794796
4632,0.2707707707707707
4633,0.9584584584584585
4634,0.44794794794794796
4635,0.44794794794794796
4636,0.8238238238238238
4637,0.7287287287287287
4638,0.6921921921921922
4639,0.9554554554554555
4640,0.7797797797797797
4641,0.03003003003003003
4642,0.537037037037037
4643,0.6676676676676676
4644,0.23423423423423423
4645,0.7052052052052051
4646,0.016477642691234633
4647,0.01348382280585651
4648,0.7412412412412412
4649,0.3038038038038038
4650,0.2707707707707707
4651,0.8553553553553553
4652,0.3408408408408409
4653,0.3408408408408409
4654,0.17117117117117117
4655,0.3323323323323323
4656,0.9554554554554555
4657,0.6676676676676676
4658,0.5900900900900901
4659,0.17117117117117117
4660,0.3128128128128128
4661,0.47197197197197194
4662,0.18218218218218218
4663,0.642142142142142
4664,0.8643643643643644
4665,0.8968968968968969
4666,0.55005005005005
4667,0.2792792792792793
4668,0.6744934727390862
4669,0.6801801801801801
4670,0.7682682682682682
4671,0.8133133133133132
4672,0.2707707707707707
4673,0.5900900900900901
4674,0.22772772772772773
4675,0.29479479479479476
4676,0.6301301301301301
4677,0.48448448448448445
4678,0.642142142142142
4679,0.28728728728728725
4680,0.4974974974974975
4681,0.29479479479479476
4682,0.9159159159159158
4683,0.9219219219219219
4684,0.45995995995996
4685,0.3323323323323323
4686,0.8553553553553553
4687,0.3128128128128128
4688,0.9219219219219219
4689,0.3323323323323323
4690,0.4019019019019019
4691,0.47197197197197194
4692,0.02252252252252252
4693,0.08358358358358359
4694,0.43543543543543545
4695,0.9284284284284284
4696,0.8033033033033032
4697,0.6801801801801801
4698,0.4974974974974975
4699,0.28728728728728725
4700,0.9159159159159158
4701,0.12762762762762764
4702,0.7052052052052051
4703,0.8343343343343343
4704,0.09759759759759759
4705,0.3128128128128128
4706,0.4019019019019019
4707,0.3698698698698699
4708,0.15565565565565564
4709,0.8343343343343343
4710,0.6546546546546547
4711,0.3908908908908909
4712,0.3908908908908909
4713,0.93993993993994
4714,0.004991761904406908
4715,0.7167167167167167
4716,0.974974974974975
4717,0.3038038038038038
4718,0.6166166166166166
4719,0.9774774774774775
4720,0.9344344344344344
4721,0.11911911911911913
4722,0.7797797797797797
4723,0.4129129129129129
4724,0.93993993993994
4725,0.55005005005005
4726,0.4974974974974975
4727,0.35035035035035034
4728,0.32182182182182184
4729,0.6676676676676676
4730,0.24674674674674674
4731,0.8893893893893894
4732,0.2792792792792793
4733,0.04704704704704705
4734,0.35985985985985985
4735,0.48448448448448445
4736,0.9344344344344344
4737,0.11461461461461461
4738,0.5240240240240239
4739,0.28728728728728725
4740,0.24674674674674674
4741,0.7682682682682682
4742,0.537037037037037
4743,0.17117117117117117
4744,0.0870870870870871
4745,0.4974974974974975
4746,0.9454454454454454
4747,0.6301301301301301
4748,0.8893893893893894
4749,0.22122122122122123
4750,0.7287287287287287
4751,0.5240240240240239
4752,0.13963963963963963
4753,0.8718718718718719
4754,0.537037037037037
4755,0.2792792792792793
4756,0.35985985985985985
4757,0.45995995995996
4758,0.4974974974974975
4759,0.041541541541541535
4760,0.44794794794794796
4761,0.6676676676676676
4762,0.06156156156156156
4763,0.9219219219219219
4764,0.8033033033033032
4765,0.9794794794794794
4766,0.3793793793793794
4767,0.511011011011011
4768,0.5240240240240239
4769,0.9099099099099099
4770,0.0018959772107143137
4771,0.2542542542542543
4772,0.7682682682682682
4773,0.1946946946946947
4774,0.6546546546546547
4775,0.6036036036036037
4776,0.6301301301301301
4777,0.3908908908908909
4778,0.5625625625625625
4779,0.7912912912912913
4780,0.3038038038038038
4781,0.6676676676676676
4782,0.7052052052052051
4783,0.5625625625625625
4784,0.47197197197197194
4785,0.7167167167167167
4786,0.7412412412412412
4787,0.22122122122122123
4788,0.3793793793793794
4789,0.5900900900900901
4790,0.5900900900900901
4791,0.013954632598700466
4792,0.4244244244244244
4793,0.4244244244244244
4794,0.23423423423423423
4795,0.9619619619619619
4796,0.11911911911911913
4797,0.2627627627627628
4798,0.07757757757757758
4799,0.6036036036036037
4800,0.6301301301301301
4801,0.8553553553553553
4802,0.16116116116116114
4803,0.7167167167167167
4804,0.15065065065065064
4805,0.8133133133133132
4806,0.3908908908908909
4807,0.4129129129129129
4808,0.08058058058058058
4809,0.9554554554554555
4810,0.9219219219219219
4811,0.16116116116116114
4812,0.47197197197197194
4813,0.9886321728426986
4814,0.5900900900900901
4815,0.7797797797797797
4816,0.9584584584584585
4817,0.15565565565565564
4818,0.21421421421421422
4819,0.3908908908908909
4820,0.5240240240240239
4821,0.23423423423423423
4822,0.2707707707707707
4823,0.09409409409409408
4824,0.15065065065065064
4825,0.22772772772772773
4826,0.8553553553553553
4827,0.3408408408408409
4828,0.11461461461461461
4829,0.4019019019019019
4830,0.988988988988989
4831,0.47197197197197194
4832,0.22122122122122123
4833,0.9844844844844844
4834,0.2707707707707707
4835,0.3323323323323323
4836,0.3038038038038038
4837,0.28728728728728725
4838,0.06356356356356356
4839,0.11911911911911913
4840,0.15565565565565564
4841,0.967967967967968
4842,0.007094821168308842
4843,0.7682682682682682
4844,0.2792792792792793
4845,0.8968968968968969
4846,0.4019019019019019
4847,0.3793793793793794
4848,0.8133133133133132
4849,0.20770770770770772
4850,0.23423423423423423
4851,0.21421421421421422
4852,0.28728728728728725
4853,0.55005005005005
4854,0.9619619619619619
4855,0.985985985985986
4856,0.3908908908908909
4857,0.9099099099099099
4858,0.2542542542542543
4859,0.8893893893893894
4860,0.7412412412412412
4861,0.4974974974974975
4862,0.511011011011011
4863,0.9874874874874875
4864,0.8033033033033032
4865,0.12262262262262263
4866,0.9099099099099099
4867,0.9454454454454454
4868,0.4974974974974975
4869,0.16616616616616614
4870,0.93993993993994
4871,0.32182182182182184
4872,0.6166166166166166
4873,0.17117117117117117
4874,0.13363363363363362
4875,0.642142142142142
4876,0.9774774774774775
4877,0.3323323323323323
4878,0.2707707707707707
4879,0.13963963963963963
4880,0.9774774774774775
4881,0.17117117117117117
4882,0.5900900900900901
4883,0.9099099099099099
4884,0.9814814814814814
4885,0.18218218218218218
4886,0.964964964964965
4887,0.7412412412412412
4888,0.06356356356356356
4889,0.11911911911911913
4890,0.18818818818818817
4891,0.29479479479479476
4892,0.6301301301301301
4893,0.642142142142142
4894,0.24074074074074073
4895,0.11461461461461461
4896,0.8133133133133132
4897,0.7547547547547548
4898,0.7912912912912913
4899,0.43543543543543545
4900,0.7412412412412412
4901,0.3128128128128128
4902,0.7052052052052051
4903,0.9584584584584585
4904,0.5900900900900901
4905,0.9284284284284284
4906,0.9284284284284284
4907,0.8343343343343343
4908,0.4244244244244244
4909,0.4129129129129129
4910,0.3908908908908909
4911,0.5900900900900901
4912,0.35035035035035034
4913,0.29479479479479476
4914,0.2627627627627628
4915,0.9794794794794794
4916,0.44794794794794796
4917,0.3698698698698699
4918,0.47197197197197194
4919,0.7912912912912913
4920,0.8033033033033032
4921,0.8553553553553553
4922,0.43543543543543545
4923,0.6546546546546547
4924,0.8808808808808809
4925,0.24674674674674674
4926,0.8133133133133132
4927,0.32182182182182184
4928,0.8033033033033032
4929,0.5240240240240239
4930,0.09759759759759759
4931,0.24074074074074073
4932,0.09759759759759759
4933,0.2707707707707707
4934,0.1946946946946947
4935,0.6546546546546547
4936,0.6921921921921922
4937,0.4244244244244244
4938,0.8238238238238238
4939,0.0244638577971909
4940,0.16116116116116114
4941,0.8553553553553553
4942,0.24674674674674674
4943,0.6921921921921922
4944,0.3698698698698699
4945,0.22122122122122123
4946,0.5240240240240239
4947,0.55005005005005
4948,0.4974974974974975
4949,0.6921921921921922
4950,0.6546546546546547
4951,0.8893893893893894
4952,0.7412412412412412
4953,0.2792792792792793
4954,0.22122122122122123
4955,0.5625625625625625
4956,0.7682682682682682
4957,0.9619619619619619
4958,0.014449427005480674
4959,0.28728728728728725
4960,0.3698698698698699
4961,0.642142142142142
4962,0.01348382280585651
4963,0.2707707707707707
4964,0.35985985985985985
4965,0.8185897220984943
4966,0.11461461461461461
4967,0.3408408408408409
4968,0.642142142142142
4969,0.7682682682682682
4970,0.6801801801801801
4971,0.9454454454454454
4972,0.45995995995996
4973,0.537037037037037
4974,0.47197197197197194
4975,0.48448448448448445
4976,0.18818818818818817
4977,0.09409409409409408
4978,0.3908908908908909
4979,0.16616616616616614
4980,0.35985985985985985
4981,0.48448448448448445
4982,0.35985985985985985
4983,0.43543543543543545
4984,0.13363363363363362
4985,0.04354354354354355
4986,0.24674674674674674
4987,0.23423423423423423
4988,0.7412412412412412
4989,0.15065065065065064
4990,0.8443443443443444
4991,0.48448448448448445
4992,0.01901901901901902
4993,0.9159159159159158
4994,0.6676676676676676
4995,0.0905905905905906
4996,0.43543543543543545
4997,0.6921921921921922
4998,0.7412412412412412
4999,0.29479479479479476
